Titles,Fields,Salaries,Locations,Cities,Experiences,Enrollment_statuses,Educations,Dates
Тілдік пәндер саласындағы ЖОО оқытушысы,Білім беру және тәрбиелеу,от 95 000 до 150 000 тг.,"""Каспий өңірі ""Болашақ"" колледжі"" Жауапкершілігі шектеулі серіктестігі","Маңғыстау облысы, Ақтау қ.",3 жыл жұмыс өтілі,толық жұмыс күні,жоғары,26.10.2024 жарияланды
Ресепшн қызметкері,Тұру және тамақтану,от 100 000 до 180 000 тг.,The Smart Space,"Шымкент қ., Тұран ауданы",Еңбек өтілі жоқ,ауысымды,жалпы орта (1 сыныптан 11/12 сыныптарға дейін),25.10.2024 жарияланды
Сәулетші-дизайнер,Құрылыс және сәулет,100 000 тг. бастап,"""QAZ07"" жауапкершілігі шектеулі серіктестігі","Батыс Қазақстан облысы, Орал қ.",Еңбек өтілі жоқ,толық жұмыс күні,техникалық және кәсіби,25.10.2024 жарияланды
SMM-менеджер,Маркетинг және БАҚ,100 000 тг. бастап,"""QAZ07"" жауапкершілігі шектеулі серіктестігі","Батыс Қазақстан облысы, Орал қ.",Еңбек өтілі жоқ,толық жұмыс күні,техникалық және кәсіби,25.10.2024 жарияланды
Әкімшілік хатшысы,HR және хатшылық,100 000 тг. бастап,"""QAZ07"" жауапкершілігі шектеулі серіктестігі","Батыс Қазақстан облысы, Орал қ.",Еңбек өтілі жоқ,толық емес жұмыс күні,техникалық және кәсіби,25.10.2024 жарияланды
Авиациядағы инженер,Көлік және логистика,400 000 тг. бастап,"""Қазақстанның авиациялық әкімшілігі"" акционерлік қоғамы","Астана қ., ""Есіл"" ауданы",2 жыл жұмыс өтілі,толық жұмыс күні,жоғары,24.10.2024 жарияланды
Авиация диспетчері,Көлік және логистика,502 900 тг. бастап,"Қазақстан Республикасы Көлік министрлігі Азаматтық авиация комитетінің ""Қазаэронавигация"" шаруашылық жүргізу құқығындағы республикалық мемлекеттік кәсіпорнының Қарағанды филиалы","Қарағанды облысы, Балқаш қ.",Еңбек өтілі жоқ,ауысымды,жоғары,24.10.2024 жарияланды
Авиация диспетчері,Көлік және логистика,502 900 тг. бастап,"Қазақстан Республикасы Көлік министрлігі Азаматтық авиация комитетінің ""Қазаэронавигация"" шаруашылық жүргізу құқығындағы республикалық мемлекеттік кәсіпорнының Қарағанды филиалы","Ұлытау облысы, Жезқазған қ.",Еңбек өтілі жоқ,ауысымды,жоғары,24.10.2024 жарияланды
Авиация диспетчері,Көлік және логистика,569 800 тг. бастап,"Қазақстан Республикасы Көлік министрлігі Азаматтық авиация комитетінің ""Қазаэронавигация"" шаруашылық жүргізу құқығындағы республикалық мемлекеттік кәсіпорнының Қарағанды филиалы","Ұлытау облысы, Жезқазған қ.",6 жыл жұмыс өтілі,толық жұмыс күні,жоғары,24.10.2024 жарияланды
Авиация диспетчері,Көлік және логистика,502 900 тг. бастап,"Қазақстан Республикасы Көлік министрлігі Азаматтық авиация комитетінің ""Қазаэронавигация"" шаруашылық жүргізу құқығындағы республикалық мемлекеттік кәсіпорнының Қарағанды филиалы","Қарағанды облысы, Қарағанды қ.",Еңбек өтілі жоқ,ауысымды,жоғары,24.10.2024 жарияланды
Қаржылық бақылау жөніндегі құрылымдық бөлімнің жетекшісі,Қаржы және бухгалтерлік есеп,900 000 тг. бастап,"""Нұрсұлтан Назарбаев халықаралық әуежайы"" акционерлік қоғамы","Астана қ., ""Есіл"" ауданы",7 жыл жұмыс өтілі,толық жұмыс күні,жоғары,24.10.2024 жарияланды
Медициналық массажист,Медицина және фармацевтика,150 000 тг. бастап,"""BATYS SABI"" жауапкершілігі шектеулі серіктестігі","Батыс Қазақстан облысы, Орал қ.",Еңбек өтілі жоқ,толық жұмыс күні,ортадан кейін,24.10.2024 жарияланды
Авиация диспетчері,Көлік және логистика,569 800 тг. бастап,"Қазақстан Республикасы Көлік министрлігі Азаматтық авиация комитетінің ""Қазаэронавигация"" шаруашылық жүргізу құқығындағы республикалық мемлекеттік кәсіпорнының Қарағанды филиалы","Қарағанды облысы, Бұқар жырау ауданы, Үштөбе а.",3 жыл жұмыс өтілі,толық жұмыс күні,жоғары оқу орыннан кейін,24.10.2024 жарияланды
Бала бақшасындағы күтуші,Білім беру және тәрбиелеу,150 000 тг. бастап,"""BATYS SABI"" жауапкершілігі шектеулі серіктестігі","Батыс Қазақстан облысы, Орал қ.",Еңбек өтілі жоқ,толық жұмыс күні,ортадан кейін,24.10.2024 жарияланды
География пәнінің мұғалімі,Білім беру және тәрбиелеу,от 100 000 до 120 000 тг.,«Батыс Қазақстан облысы әкімдігі білім басқармасының Тасқала ауданы білім беру бөлімінің «Айнабұлақ негізгі орта мектебі» коммуналдық мемлекеттік мекемесі,"Батыс Қазақстан облысы, Тасқала ауданы, Айнабұлақ а.",Еңбек өтілі жоқ,толық жұмыс күні,жоғары,24.10.2024 жарияланды
Техникалық құжаттаманы әзірлеу жөніндегі маман (техникалық жазушы),IT және телекоммуникациялар,250 000 тг. бастап,"""Феникс Интернешнл Ресорсиз Каспиан"" жауапкершілігі шектеулі серіктестігі","Маңғыстау облысы, Жаңаөзен қ.",3 жыл жұмыс өтілі,вахталық әдіс,техникалық және кәсіби,24.10.2024 жарияланды
Швейцар,Біліктілігі жоқ мамандықтар,120 000 тг. бастап,"""Султан и Ким"" жауапкершілігі шектеулі серіктестігі","Алматы  қ., Алмалы ауданы",1 жыл жұмыс өтілі,толық жұмыс күні,ортадан кейін,24.10.2024 жарияланды
Қазандық оператор,Өндіріс,от 90 000 до 100 000 тг.,"""Ақтөбе облысының білім басқармасы Ойыл ауданының білім бөлімі» мемлекеттік мекемесінің «Көсембай негізгі мектебі» коммуналдық мемлекеттік мекемесі","Ақтөбе облысы, Ойыл ауданы, Көсембай а.",Еңбек өтілі жоқ,толық жұмыс күні,жалпы орта (1 сыныптан 11/12 сыныптарға дейін),24.10.2024 жарияланды
Медицина тіркеушісі,Медицина және фармацевтика,от 200 000 до 230 000 тг.,"""Prospekt Medical Caspian"" (""Проспект Медикал Каспиан"") жауапкершілігі шектеулі серіктестігі","Атырау облысы, Атырау қ.",1 жыл жұмыс өтілі,толық жұмыс күні,техникалық және кәсіби,24.10.2024 жарияланды
Логопед-дефектолог,Білім беру және тәрбиелеу,150 000 тг. бастап,"""BATYS SABI"" жауапкершілігі шектеулі серіктестігі","Батыс Қазақстан облысы, Орал қ.",Еңбек өтілі жоқ,толық жұмыс күні,ортадан кейін,24.10.2024 жарияланды
Шетел тілі мұғалімі,Білім беру және тәрбиелеу,от 200 000 до 400 000 тг.,"""LETS Nursaya"" жауапкершілігі шектеулі серіктестігі","Маңғыстау облысы, Ақтау қ.",1 жыл жұмыс өтілі,толық жұмыс күні,жоғары,24.10.2024 жарияланды
Бас инженер (құрылыста),Құрылыс және сәулет,от 248 000 до 315 000 тг.,"""ҚазАвтоЖол"" Ұлттық компаниясы"" акционерлік қоғамының Жамбыл облыстық филиалы","Жамбыл облысы, Тараз қ.",3 жыл жұмыс өтілі,толық жұмыс күні,техникалық және кәсіби,24.10.2024 жарияланды
Аналитик-зерттеуші,Ғылым және кеңес беру,200 000 тг. бастап,"""Ахмет Байтұрсынұлы атындағы ""Талдау"" ұлттық зерттеулер және білімді бағалау орталығы"" акционерлік қоғамы","Астана қ., ""Есіл"" ауданы",2 жыл жұмыс өтілі,толық жұмыс күні,жоғары,24.10.2024 жарияланды
Фельдшер,Медицина және фармацевтика,от 180 000 до 200 000 тг.,"""Яссин"" Медициналық орталығы"" жауапкершілігі шектеулі серіктестігі","Жамбыл облысы, Жамбыл ауданы, Айшабибі а.",Еңбек өтілі жоқ,вахталық әдіс,техникалық және кәсіби,24.10.2024 жарияланды
Бағдарламалар және жобалар координаторы ( менеджері),Ғылым және кеңес беру,500 000 тг. бастап,"Қазақстан Республикасы Цифрлық даму, инновациялар және аэроғарыш өнеркәсібі министрлігінің ""Цифрлық үкіметті қолдау орталығы"" шаруашылық жүргізу құқығындағы республикалық мемлекеттік кәсіпорны","Астана қ., ""Есіл"" ауданы",2 жыл жұмыс өтілі,толық жұмыс күні,жоғары,23.10.2024 жарияланды
Шетел тілі мұғалімі,Білім беру және тәрбиелеу,от 150 000 до 200 000 тг.,"""ТКШ БАҚ"" жауапкершілігі шектеулі серіктестігі","Алматы облысы, Қонаев қ.",1 жыл жұмыс өтілі,толық жұмыс күні,жоғары,23.10.2024 жарияланды
Ақпараттық ресурстарды құру және басқару жөніндегі маман (контент-менеджер),IT және телекоммуникациялар,900 000 тг. бастап,"""Қазақстандағы ""Интерньюс Нетуорк"" өкілдігі","Алматы  қ., Бостандық ауданы",5 жыл жұмыс өтілі,толық жұмыс күні,жоғары,23.10.2024 жарияланды
Кадрлар бойынша маман,HR және хатшылық,200 000 тг. бастап,"""Феникс Интернешнл Ресорсиз Каспиан"" жауапкершілігі шектеулі серіктестігі",Алматы  қ.,3 жыл жұмыс өтілі,толық жұмыс күні,жоғары,23.10.2024 жарияланды
Өндіріс инженері,Өндіріс,300 000 тг. бастап,"""Феникс Интернешнл Ресорсиз Каспиан"" жауапкершілігі шектеулі серіктестігі","Батыс Қазақстан облысы, Бөрлі ауданы, Ақсай қ.",3 жыл жұмыс өтілі,толық жұмыс күні,жоғары,23.10.2024 жарияланды
Клиенттермен жұмыс жасау жөніндегі менеджер,Жеке қызметтер және сервис,300 000 тг. бастап,"""Феникс Интернешнл Ресорсиз Каспиан"" жауапкершілігі шектеулі серіктестігі","Атырау облысы, Атырау қ.",5 жыл жұмыс өтілі,толық жұмыс күні,жоғары,23.10.2024 жарияланды
Аудармашы (жазбаша),Ғылым және кеңес беру,от 509 000 до 581 000 тг.,"""Назарбаев Зияткерлік мектептері"" дербес білім беру ұйымының ""Білім беру бағдарламалары орталығы"" филиалы","Астана қ., ""Есіл"" ауданы",3 жыл жұмыс өтілі,толық жұмыс күні,жоғары,23.10.2024 жарияланды
Шетел тілі мұғалімі,Білім беру және тәрбиелеу,85 000 тг. бастап,Шығыс Қазақстан облысы білім басқармасы Өскемен қаласы бойынша білім бөлімінің «№10 мектеп-гимназиясы» коммуналдық мемлекеттік мекемесі,"Шығыс Қазақстан облысы, Өскемен қ.",Еңбек өтілі жоқ,толық жұмыс күні,ортадан кейін,23.10.2024 жарияланды
Шетел тілі мұғалімі,Білім беру және тәрбиелеу,от 100 000 до 150 000 тг.,ИП Куанышбаев Ерсұлтан Ерденұлы,"Алматы  қ., Наурызбай ауданы",2 жыл жұмыс өтілі,толық жұмыс күні,жоғары,23.10.2024 жарияланды
Шетел тілі мұғалімі,Білім беру және тәрбиелеу,от 250 000 до 300 000 тг.,"""InterLingua"" Лицейі"" мекемесі","Алматы  қ., Алмалы ауданы",5 жыл жұмыс өтілі,толық жұмыс күні,жоғары,23.10.2024 жарияланды
Автоматтандыру жөніндегі инженер,IT және телекоммуникациялар,300 000 тг. бастап,"""Феникс Интернешнл Ресорсиз Каспиан"" жауапкершілігі шектеулі серіктестігі","Атырау облысы, Атырау қ.",5 жыл жұмыс өтілі,толық жұмыс күні,жоғары,23.10.2024 жарияланды
Техникалық бақылау бақылаушысы,Өндіріс,220 000 тг. бастап,"""Феникс Интернешнл Ресорсиз Каспиан"" жауапкершілігі шектеулі серіктестігі","Маңғыстау облысы, Жаңаөзен қ.",3 жыл жұмыс өтілі,вахталық әдіс,жоғары,23.10.2024 жарияланды
Ақпараттық жүйелер әкімшісі,IT және телекоммуникациялар,от 100 000 до 150 000 тг.,"""Алматы облысы білім басқармасының Еңбекшіқазақ ауданы бойынша білім бөлімі"" мемлекеттік мекемесінің ""Ш.Уалиханов атындағы орта мектеп"" коммуналдық мемлекеттік мекемесі","Алматы облысы, Еңбекшіқазақ ауданы, Қайназар а.",1 жыл жұмыс өтілі,толық жұмыс күні,техникалық және кәсіби,23.10.2024 жарияланды
Атқарушы директорының орынбасары,Басшылар,от 200 000 до 900 000 тг.,"""Ахсан"" жауапкершілігі шектеулі серіктестігі","Астана қ., ""Байқоңыр"" ауданы",3 жыл жұмыс өтілі,толық жұмыс күні,жоғары оқу орыннан кейін,23.10.2024 жарияланды
Бағдарламалық қамсыздандыруды әзірлеуші,IT және телекоммуникациялар,от 200 000 до 900 000 тг.,"""Ахсан"" жауапкершілігі шектеулі серіктестігі","Астана қ., ""Байқоңыр"" ауданы",3 жыл жұмыс өтілі,толық жұмыс күні,жоғары,23.10.2024 жарияланды
Кадр жөніндегі инспектор,HR және хатшылық,200 000 тг. бастап,"""STECOL CORPORATION"" Жауапкершілігі шектеулі компанияның Қазақстан Республикасындағы Филиалы","Ұлытау облысы, Сәтбаев қ.",1 жыл жұмыс өтілі,толық жұмыс күні,ортадан кейін,22.10.2024 жарияланды
Бағдарламалық қамсыздандыруды әзірлеуші,IT және телекоммуникациялар,от 500 000 до 700 000 тг.,"""АтырауТехИнвест"" жауапкершілігі шектеулі серіктестігі","Атырау облысы, Атырау қ.",3 жыл жұмыс өтілі,толық жұмыс күні,жоғары,22.10.2024 жарияланды
Орыс тілі мен әдебиеті мұғалімі,Білім беру және тәрбиелеу,85 000 тг. бастап,"Павлодар облысының білім беру басқармасы, Екібастұз қаласы білім беру бөлімінің ""№ 28 Абай атындағы жалпы орта білім беру мектебі"" коммуналдық мемлекеттік мекемесі","Павлодар облысы, Екібастұз қ., Солнечный к.",3 жыл жұмыс өтілі,толық емес жұмыс күні,жоғары,22.10.2024 жарияланды
Директордың тәрбие ісі жөніндегі орынбасары,Білім беру және тәрбиелеу,85 000 тг. бастап,"Павлодар облысының білім беру басқармасы, Екібастұз қаласы білім беру бөлімінің ""№ 28 Абай атындағы жалпы орта білім беру мектебі"" коммуналдық мемлекеттік мекемесі","Павлодар облысы, Екібастұз қ., Солнечный к.",5 жыл жұмыс өтілі,толық жұмыс күні,жоғары,22.10.2024 жарияланды
Биология пәнінің мұғалімі,Білім беру және тәрбиелеу,85 000 тг. бастап,"Павлодар облысының білім беру басқармасы, Екібастұз қаласы білім беру бөлімінің ""№ 28 Абай атындағы жалпы орта білім беру мектебі"" коммуналдық мемлекеттік мекемесі","Павлодар облысы, Екібастұз қ., Солнечный к.",5 жыл жұмыс өтілі,толық емес жұмыс күні,жоғары,22.10.2024 жарияланды
Мұгалімнің көмекшісі,Білім беру және тәрбиелеу,от 85 000 до 120 000 тг.,"Павлодар облысының білім беру басқармасы, Май ауданы білім беру бөлімінің ""Ерсін Мұқашев атындағы жалпы орта білім беру мектебі"" коммуналдық мемлекеттік мекемесі","Павлодар облысы, Май ауданы, Көктөбе а.",3 жыл жұмыс өтілі,толық жұмыс күні,жоғары,22.10.2024 жарияланды
Кадр жөніндегі инспектор,HR және хатшылық,100 000 тг. бастап,"""CIS KASHAGAN"" (""СиАйЭс КАШАГАН"")"" жауапкершілігі шектеулі серіктестігі","Атырау облысы, Атырау қ.",3 жыл жұмыс өтілі,толық жұмыс күні,жоғары,22.10.2024 жарияланды
Кітапханашы,Мәдениет және спорт,от 319 000 до 368 000 тг.,"""Назарбаев Зияткерлік мектептері"" дербес білім беру ұйымының ""Астана қаласындағы Назарбаев Зияткерлік мектебі"" филиалы","Астана қ., ""Нұра"" ауданы",2 жыл жұмыс өтілі,толық жұмыс күні,жоғары,22.10.2024 жарияланды
Директордың тәрбие ісі жөніндегі орынбасары,Білім беру және тәрбиелеу,от 250 000 до 300 000 тг.,"Астана қаласы әкімдігінің ""№ 55 орта мектеп"" шаруашылық жүргізу құқығындағы мемлекеттік коммуналдық кәсіпорны","Астана қ., ""Байқоңыр"" ауданы",1 жыл жұмыс өтілі,толық жұмыс күні,техникалық және кәсіби,22.10.2024 жарияланды
Әдіскер,Білім беру және тәрбиелеу,от 115 730 до 133 512 тг.,"""Атырау облысы Мәдениет және тілдерді дамыту басқармасының ""Тіл"" оқу-әдістемелік орталығы"" коммуналдық мемлекеттік мекемесі","Атырау облысы, Атырау қ.",2 жыл жұмыс өтілі,толық жұмыс күні,жоғары,22.10.2024 жарияланды
Кадрлар жөніндегі директор (адами ресурстары),Басшылар,600 000 тг. бастап,«KAZAKH INVEST» ұлттық компаниясы» акционерлік қоғамы,"Астана қ., ""Есіл"" ауданы",7 жыл жұмыс өтілі,толық жұмыс күні,жоғары,22.10.2024 жарияланды
Типограф-баспашы,Өндіріс,от 100 000 до 300 000 тг.,ИП Каспакпаев Алибек Кизашевич,"Абай облысы, Семей қ.",1 жыл жұмыс өтілі,толық жұмыс күні,жалпы орта (1 сыныптан 11/12 сыныптарға дейін),22.10.2024 жарияланды
Шетел тілі мұғалімі,Білім беру және тәрбиелеу,от 250 000 до 300 000 тг.,"""""KEMEL"" қалалық физика-математика мектебі"" жауапкершілігі шектеулі серіктестігі","Алматы  қ., Бостандық ауданы",2 жыл жұмыс өтілі,толық жұмыс күні,жоғары,22.10.2024 жарияланды
Шетел тілі мұғалімі,Білім беру және тәрбиелеу,100 000 тг. бастап,EduPro,"Алматы  қ., Әуезов ауданы",Еңбек өтілі жоқ,толық жұмыс күні,жоғары,22.10.2024 жарияланды
Орыс тілі мен әдебиеті мұғалімі,Білім беру және тәрбиелеу,от 100 000 до 150 000 тг.,"Абай облысы білім басқармасының Семей қаласы білім бөлімінің ""Абыралы жалпы негізгі білім беретін мектебі"" коммуналдық мемлекеттік мекемесі","Абай облысы, Жаңасемей ауданы, Абралы а.",1 жыл жұмыс өтілі,толық жұмыс күні,жоғары,22.10.2024 жарияланды
Ақпаратты қорғау жөніндегі инженерлер,IT және телекоммуникациялар,от 300 000 до 350 000 тг.,"Қазақстан Республикасы Денсаулық сақтау министрлігінің ""Академик Н.Ж. Батпенов атындағы Ұлттық ғылыми травматология және ортопедия орталығы"" шаруашылық жүргізу құқығындағы республикалық мемлекеттік кәсіпорны","Астана қ., ""Алматы"" ауданы",3 жыл жұмыс өтілі,толық жұмыс күні,жоғары,22.10.2024 жарияланды
Шетел тілі мұғалімі,Білім беру және тәрбиелеу,от 100 000 до 120 000 тг.,"""Ақтөбе облысының білім басқармасы Темір ауданының білім бөлімі"" мемлекеттік мекемесінің ""С.Байшев атындағы жалпы орта білім беретін мектебі"" коммуналдық мемлекеттік мекемесі","Ақтөбе облысы, Темір ауданы, Темір қ.",Еңбек өтілі жоқ,толық жұмыс күні,жоғары,22.10.2024 жарияланды
Дәрігер-терапевт,Медицина және фармацевтика,362 400 тг. бастап,"Қазақстан Республикасы Көлік министрлігі Азаматтық авиация комитетінің ""Қазаэронавигация"" шаруашылық жүргізу құқығындағы республикалық мемлекеттік кәсіпорны","Астана қ., ""Есіл"" ауданы",5 жыл жұмыс өтілі,толық жұмыс күні,жоғары,21.10.2024 жарияланды
Фнкционалдық диагностика дәрігері,Медицина және фармацевтика,362 400 тг. бастап,"Қазақстан Республикасы Көлік министрлігі Азаматтық авиация комитетінің ""Қазаэронавигация"" шаруашылық жүргізу құқығындағы республикалық мемлекеттік кәсіпорны","Алматы  қ., Түркісіб ауданы",5 жыл жұмыс өтілі,толық жұмыс күні,жоғары,21.10.2024 жарияланды
Өндірістік операциялар жөніндегі инженер,"Мұнай, газ, ресурстарды өндіру",200 000 тг. бастап,"""Куду Индастриз Казахстан"" жауапкершілігі шектеулі серіктестігі","Маңғыстау облысы, Мұнайлы ауданы, Қызылтөбе а.",10 жыл жұмыс өтілі,толық жұмыс күні,жоғары,21.10.2024 жарияланды
PR-менеджер,Маркетинг және БАҚ,330 000 тг. бастап,"""Городской центр развития инвестиций ""AstanaInvest"" жауапкершілігі шектеулі серіктестігі","Астана қ., ""Сарыарқа"" ауданы",2 жыл жұмыс өтілі,толық жұмыс күні,жоғары,21.10.2024 жарияланды
Бұрғылау жөніндегі техник,"Мұнай, газ, ресурстарды өндіру",200 000 тг. бастап,"""Шлюмберже Орталық Азия"" жауапкершілігі шектеулі серіктестігі","Атырау облысы, Жылыой ауданы, Жаңа Қаратон к.",Еңбек өтілі жоқ,вахталық әдіс,техникалық және кәсіби,21.10.2024 жарияланды
Технологиялық қондырғылардың операторы,"Мұнай, газ, ресурстарды өндіру",200 000 тг. бастап,"""Қазақстан Республикасындағы ""Шлюмберже Лоджелко Инк."" компаниясы"" филиалы","Батыс Қазақстан облысы, Бөрлі ауданы, Ақсай қ.",7 жыл жұмыс өтілі,вахталық әдіс,жоғары,21.10.2024 жарияланды
Оқу бөлімі директорының (бастығы) орынбасары,Білім беру және тәрбиелеу,от 250 000 до 300 000 тг.,"""Жамбыл облысы әкімдігінің білім басқармасы Жуалы ауданының білім бөлімінің № 4 Құрманбек Сағындықов атындағы орта мектебі"" коммуналдық мемлекеттік мекемесі","Жамбыл облысы, Жуалы ауданы, Шақпақата а.",Еңбек өтілі жоқ,толық жұмыс күні,жоғары,21.10.2024 жарияланды
Ауызша сөйлеу аудармашылары,Ғылым және кеңес беру,250 000 тг. бастап,"""Феникс Интернешнл Ресорсиз Каспиан"" жауапкершілігі шектеулі серіктестігі","Маңғыстау облысы, Ақтау қ.",4 жыл жұмыс өтілі,толық жұмыс күні,жоғары,21.10.2024 жарияланды
Механик (жалпы бейін),Өндіріс,300 000 тг. бастап,"""Феникс Интернешнл Ресорсиз Каспиан"" жауапкершілігі шектеулі серіктестігі","Батыс Қазақстан облысы, Бөрлі ауданы, Ақсай қ.",4 жыл жұмыс өтілі,вахталық әдіс,жоғары,21.10.2024 жарияланды
Кадрлар бөлімнің бастығы (адами ресурстарын басқару),HR және хатшылық,180 000 тг. бастап,"""Феникс Интернешнл Ресорсиз Каспиан"" жауапкершілігі шектеулі серіктестігі",Алматы  қ.,2 жыл жұмыс өтілі,толық жұмыс күні,жоғары,21.10.2024 жарияланды
Ресепшн қызметкері,Тұру және тамақтану,150 000 тг. бастап,"""Феникс Интернешнл Ресорсиз Каспиан"" жауапкершілігі шектеулі серіктестігі","Атырау облысы, Атырау қ.",2 жыл жұмыс өтілі,толық жұмыс күні,жоғары,21.10.2024 жарияланды
Ғылыми қызметкер (ауыл шаруашылығы саласындағы),Ауыл шаруашылығы,от 250 000 до 350 000 тг.,"""Қазақ қайта өңдеу және тағам өнеркәсіптері ғылыми-зерттеу институты"" жауапкершілігі шектеулі серіктестінінің Семей филиалы","Абай облысы, Семей қ.",3 жыл жұмыс өтілі,толық жұмыс күні,жоғары,21.10.2024 жарияланды
Өндіріс инженері,Өндіріс,250 000 тг. бастап,"""Феникс Интернешнл Ресорсиз Каспиан"" жауапкершілігі шектеулі серіктестігі","Батыс Қазақстан облысы, Бөрлі ауданы, Ақсай қ.",2 жыл жұмыс өтілі,вахталық әдіс,жоғары,21.10.2024 жарияланды
Жоба менеджері,Ғылым және кеңес беру,250 000 тг. бастап,"""TURKISTAN INVEST"" инвестиция тарту және экспортты дамыту аймақтық агенттігі"" жауапкершілігі шектеулі серіктестігі","Түркістан облысы, Түркістан қ.",2 жыл жұмыс өтілі,толық жұмыс күні,жоғары,21.10.2024 жарияланды
Офис-менеджер,HR және хатшылық,от 200 000 до 250 000 тг.,"""Med Concept Service"" (Мед Концепт Сервис) жауапкершілігі шектеулі серіктестігі","Алматы  қ., Медеу ауданы",3 жыл жұмыс өтілі,толық жұмыс күні,жоғары,21.10.2024 жарияланды
Жоба менеджері,Өндіріс,250 000 тг. бастап,"""Феникс Интернешнл Ресорсиз Каспиан"" жауапкершілігі шектеулі серіктестігі","Батыс Қазақстан облысы, Бөрлі ауданы, Ақсай қ.",5 жыл жұмыс өтілі,вахталық әдіс,жоғары,21.10.2024 жарияланды
Телефондарды сату жөніндегі маман,Сауда және қоймалау,180 000 тг. бастап,"""Феникс Интернешнл Ресорсиз Каспиан"" жауапкершілігі шектеулі серіктестігі",Алматы  қ.,3 жыл жұмыс өтілі,толық жұмыс күні,жоғары,21.10.2024 жарияланды
Бухгалтер,Қаржы және бухгалтерлік есеп,от 110 000 до 130 000 тг.,"""Риддер қаласының ішкі саясат, мәдениет, тілдерді дамыту және спорт бөлімі"" мемлекеттік мекемесінің ""Тілдерді оқыту орталығы"" коммуналдық мемлекеттік мекемесі","Шығыс Қазақстан облысы, Риддер қ.",5 жыл жұмыс өтілі,толық жұмыс күні,жоғары,21.10.2024 жарияланды
Сату жөніндегі менеджер,Сауда және қоймалау,300 000 тг. бастап,"""Феникс Интернешнл Ресорсиз Каспиан"" жауапкершілігі шектеулі серіктестігі",Алматы  қ.,4 жыл жұмыс өтілі,толық жұмыс күні,жоғары,21.10.2024 жарияланды
Технология пәнінің мұғалімі,Білім беру және тәрбиелеу,от 90 000 до 100 000 тг.,"""Ақтөбе облысының білім басқармасы Ойыл ауданының білім бөлімі» мемлекеттік мекемесінің «Көсембай негізгі мектебі» коммуналдық мемлекеттік мекемесі","Ақтөбе облысы, Ойыл ауданы, Көсембай а.",Еңбек өтілі жоқ,толық жұмыс күні,ортадан кейін,21.10.2024 жарияланды
Физика пәнінің мұғалімі,Білім беру және тәрбиелеу,от 90 000 до 100 000 тг.,"""Ақтөбе облысының білім басқармасы Ойыл ауданының білім бөлімі» мемлекеттік мекемесінің «Көсембай негізгі мектебі» коммуналдық мемлекеттік мекемесі","Ақтөбе облысы, Ойыл ауданы, Көсембай а.",Еңбек өтілі жоқ,толық жұмыс күні,ортадан кейін,21.10.2024 жарияланды
Мұгалімнің көмекшісі,Білім беру және тәрбиелеу,190 000 тг. бастап,"""Нұрсұлтан Назарбаевтың Білім қоры"" қоғамдық қорының Атырау қаласындағы филиалы ""Мирас"" Бөбекжай- бақша""","Атырау облысы, Атырау қ.",1 жыл жұмыс өтілі,толық жұмыс күні,жоғары,21.10.2024 жарияланды
Эколог,Өндіріс,от 200 000 до 250 000 тг.,"""KazEcoHolding"" ғылыми зерттеулер және экологиялық сараптама орталығы"" жауапкершілігі шектеулі серіктестігі","Шымкент қ., Абай ауданы",1 жыл жұмыс өтілі,толық жұмыс күні,жоғары,21.10.2024 жарияланды
Сатып алу жөніндегі маман,Сауда және қоймалау,от 300 000 до 350 000 тг.,"""Vangard (Вангард)"" жауапкершілігі шектеулі серіктестігі","Астана қ., ""Алматы"" ауданы",3 жыл жұмыс өтілі,толық жұмыс күні,жоғары,21.10.2024 жарияланды
Сату бөлімінің бастығы,Сауда және қоймалау,280 000 тг. бастап,"""Феникс Интернешнл Ресорсиз Каспиан"" жауапкершілігі шектеулі серіктестігі",Алматы  қ.,5 жыл жұмыс өтілі,толық жұмыс күні,жоғары,21.10.2024 жарияланды
Дәрігер-хирург (негізгі мамандық профилі бойынша эндоскопия),Медицина және фармацевтика,от 250 000 до 300 000 тг.,"Абай облысы денсаулық сақтау басқармасының ""Ядролық медицина және онкология орталығы"" шаруашылық жүргізу құқығындағы коммуналдық мемлекеттік кәсіпорны","Абай облысы, Семей қ.",3 жыл жұмыс өтілі,толық жұмыс күні,жоғары,21.10.2024 жарияланды
Ассистент (жалпы бейін),HR және хатшылық,от 600 000 до 630 000 тг.,"""Access and Coating Group/Аксесс энд коатинг групп"" жауапкершілігі шектеулі серіктестігі","Атырау облысы, Атырау қ.",4 жыл жұмыс өтілі,толық жұмыс күні,жалпы орта (1 сыныптан 11/12 сыныптарға дейін),21.10.2024 жарияланды
Сату жөніндегі менеджер,Сауда және қоймалау,350 000 тг. бастап,"""Феникс Интернешнл Ресорсиз Каспиан"" жауапкершілігі шектеулі серіктестігі",Алматы  қ.,5 жыл жұмыс өтілі,толық жұмыс күні,жоғары,21.10.2024 жарияланды
Еңбекті қорғау және қауіпсіздік техникасы жөніндегі инженер,Қауіпсіздік және ТЖ,300 000 тг. бастап,"""Феникс Интернешнл Ресорсиз Каспиан"" жауапкершілігі шектеулі серіктестігі","Батыс Қазақстан облысы, Бөрлі ауданы, Ақсай қ.",4 жыл жұмыс өтілі,вахталық әдіс,жоғары,21.10.2024 жарияланды
Бөлім бастығы (маркетинг және өнімді өткізу жөніндегі),Сауда және қоймалау,400 000 тг. бастап,"""Феникс Интернешнл Ресорсиз Каспиан"" жауапкершілігі шектеулі серіктестігі",Алматы  қ.,2 жыл жұмыс өтілі,толық жұмыс күні,жоғары,21.10.2024 жарияланды
Клиенттермен жұмыс жасау жөніндегі менеджер,Сауда және қоймалау,280 000 тг. бастап,"""Феникс Интернешнл Ресорсиз Каспиан"" жауапкершілігі шектеулі серіктестігі",Шымкент қ.,2 жыл жұмыс өтілі,толық жұмыс күні,жоғары,21.10.2024 жарияланды
Заңгер,Құқықтану,365 000 тг. бастап,"""ҚазАвтоЖол"" Ұлттық компаниясы"" акционерлік қоғамының Маңғыстау облыстық филиалы","Маңғыстау облысы, Ақтау қ.",5 жыл жұмыс өтілі,толық жұмыс күні,жоғары,21.10.2024 жарияланды
Оқу-өндірістік шеберхана мастері,Білім беру және тәрбиелеу,от 150 000 до 250 000 тг.,"""Алматы қаласы Білім басқармасының ""Принтмедиа технологиялар колледжі"" коммуналдық мемлекеттік қазыналық кәсіпорны","Алматы  қ., Алмалы ауданы",Еңбек өтілі жоқ,толық жұмыс күні,жоғары,21.10.2024 жарияланды
Шетел тілі мұғалімі,Білім беру және тәрбиелеу,от 150 000 до 200 000 тг.,"""Алматы облысы білім басқармасының Еңбекшіқазақ ауданы бойынша білім бөлімі"" мемлекеттік мекемесінің ""И.Шорманов атындағы орта мектеп"" коммуналдық мемлекеттік мекемесі","Алматы облысы, Еңбекшіқазақ ауданы, Алмалы а.",3 жыл жұмыс өтілі,толық жұмыс күні,жоғары,21.10.2024 жарияланды
Капитанның вахталық көмекшісі,Көлік және логистика,от 200 000 до 300 000 тг.,"""Каспиан Оффшор Констракшн"" жауапкершілігі шектеулі серіктестігі","Маңғыстау облысы, Түпқараған ауданы, Баутино а.",2 жыл жұмыс өтілі,вахталық әдіс,техникалық және кәсіби,21.10.2024 жарияланды
Хатшы,HR және хатшылық,120 000 тг. бастап,"Алматы қаласы Білім басқармасының ""№45 жалпы білім беретін мектеп"" коммуналдық мемлекеттік мекемесі","Алматы  қ., Бостандық ауданы",1 жыл жұмыс өтілі,толық жұмыс күні,ортадан кейін,21.10.2024 жарияланды
Мектеп психологі,Білім беру және тәрбиелеу,120 000 тг. бастап,"Алматы қаласы Білім басқармасының ""№45 жалпы білім беретін мектеп"" коммуналдық мемлекеттік мекемесі","Алматы  қ., Бостандық ауданы",3 жыл жұмыс өтілі,толық жұмыс күні,жоғары,21.10.2024 жарияланды
Іс қағаздарын жүргізуші,HR және хатшылық,от 120 000 до 150 000 тг.,"Алматы қаласы Білім басқармасының ""№45 жалпы білім беретін мектеп"" коммуналдық мемлекеттік мекемесі","Алматы  қ., Бостандық ауданы",1 жыл жұмыс өтілі,толық жұмыс күні,жоғары,21.10.2024 жарияланды
Білім беруді ұйымдастырушы әлеуметтік педагог,Білім беру және тәрбиелеу,120 000 тг. бастап,"Алматы қаласы Білім басқармасының ""№45 жалпы білім беретін мектеп"" коммуналдық мемлекеттік мекемесі","Алматы  қ., Бостандық ауданы",3 жыл жұмыс өтілі,толық жұмыс күні,жоғары,21.10.2024 жарияланды
Физика пәнінің мұғалімі,Білім беру және тәрбиелеу,120 000 тг. бастап,"Алматы қаласы Білім басқармасының ""№45 жалпы білім беретін мектеп"" коммуналдық мемлекеттік мекемесі","Алматы  қ., Бостандық ауданы",5 жыл жұмыс өтілі,толық жұмыс күні,жоғары,21.10.2024 жарияланды
Математика мұғалімі (алгебра және геометрия),Білім беру және тәрбиелеу,от 120 000 до 150 000 тг.,"Алматы қаласы Білім басқармасының ""№45 жалпы білім беретін мектеп"" коммуналдық мемлекеттік мекемесі","Алматы  қ., Бостандық ауданы",5 жыл жұмыс өтілі,толық жұмыс күні,жоғары,21.10.2024 жарияланды
Жалпы хирург дәрігер (жалпы бейін),Медицина және фармацевтика,300 000 тг. бастап,"""А.Н.Сызганов атындағы Хирургия ұлттық ғылыми орталығы"" акционерлік қоғамы","Алматы  қ., Алмалы ауданы",2 жыл жұмыс өтілі,толық жұмыс күні,жоғары,21.10.2024 жарияланды
Офис-менеджер,HR және хатшылық,200 000 тг. бастап,"""Margulan Logistics"" жауапкершілігі шектеулі серіктестігі",Алматы  қ.,Еңбек өтілі жоқ,толық жұмыс күні,жалпы орта (1 сыныптан 11/12 сыныптарға дейін),21.10.2024 жарияланды
Сатып алушы,Сауда және қоймалау,200 000 тг. бастап,"""Name Group"" жауапкершілігі шектеулі серіктестігі","Шымкент қ., Әл Фараби ауданы",1 жыл жұмыс өтілі,толық жұмыс күні,жоғары,21.10.2024 жарияланды
Газдар мен тозаңды талдау жөніндегі зертханашы,ТКШ және абаттандыру,от 90 000 до 100 000 тг.,Ұлытау облысы білім басқармасының Ұлытау ауданы білім бөлімінің «№18 жалпы білім беретін мектебі» коммуналдық мемлекеттік мекемесі,"Ұлытау облысы, Ұлытау ауданы, Мыйбұлақ а.",Еңбек өтілі жоқ,толық жұмыс күні,техникалық және кәсіби,21.10.2024 жарияланды
Қосымшалар бағдарламашы,IT және телекоммуникациялар,от 90 000 до 95 000 тг.,Ұлытау облысы білім басқармасының Ұлытау ауданы білім бөлімінің «№18 жалпы білім беретін мектебі» коммуналдық мемлекеттік мекемесі,"Ұлытау облысы, Ұлытау ауданы, Мыйбұлақ а.",Еңбек өтілі жоқ,толық жұмыс күні,техникалық және кәсіби,21.10.2024 жарияланды
Тәлімгер,Білім беру және тәрбиелеу,от 85 000 до 95 000 тг.,Ұлытау облысы білім басқармасының Ұлытау ауданы білім бөлімінің «№18 жалпы білім беретін мектебі» коммуналдық мемлекеттік мекемесі,"Ұлытау облысы, Ұлытау ауданы, Мыйбұлақ а.",Еңбек өтілі жоқ,толық жұмыс күні,техникалық және кәсіби,21.10.2024 жарияланды
Тарих пәнінің мұғалімі,Білім беру және тәрбиелеу,от 250 000 до 300 000 тг.,Ұлытау облысы білім басқармасының Ұлытау ауданы білім бөлімінің «№18 жалпы білім беретін мектебі» коммуналдық мемлекеттік мекемесі,"Ұлытау облысы, Ұлытау ауданы, Мыйбұлақ а.",Еңбек өтілі жоқ,толық жұмыс күні,жоғары,21.10.2024 жарияланды
География пәнінің мұғалімі,Білім беру және тәрбиелеу,от 180 000 до 200 000 тг.,Ұлытау облысы білім басқармасының Ұлытау ауданы білім бөлімінің «№18 жалпы білім беретін мектебі» коммуналдық мемлекеттік мекемесі,"Ұлытау облысы, Ұлытау ауданы, Мыйбұлақ а.",Еңбек өтілі жоқ,толық жұмыс күні,техникалық және кәсіби,21.10.2024 жарияланды
Химия пәнінің мұғалімі,Білім беру және тәрбиелеу,от 120 000 до 150 000 тг.,Ұлытау облысы білім басқармасының Ұлытау ауданы білім бөлімінің «№18 жалпы білім беретін мектебі» коммуналдық мемлекеттік мекемесі,"Ұлытау облысы, Ұлытау ауданы, Мыйбұлақ а.",Еңбек өтілі жоқ,толық жұмыс күні,техникалық және кәсіби,21.10.2024 жарияланды
Оқу бөлімі директорының (бастығы) орынбасары,Білім беру және тәрбиелеу,от 120 000 до 150 000 тг.,Ұлытау облысы білім басқармасының Ұлытау ауданы білім бөлімінің «№18 жалпы білім беретін мектебі» коммуналдық мемлекеттік мекемесі,"Ұлытау облысы, Ұлытау ауданы, Мыйбұлақ а.",Еңбек өтілі жоқ,толық жұмыс күні,жоғары,21.10.2024 жарияланды
Бағдарламалық қамсыздандыруды сүйемелдеу жөніндегі маман,IT және телекоммуникациялар,от 140 000 до 150 000 тг.,"""Жамбыл облысы әкімдігінің білім басқармасы Тараз қаласының білім бөлімінің ""№26 ""Нұрай бөбекжай-бақшасы"" мемлекеттік коммуналдық қазыналық кәсіпорны","Жамбыл облысы, Тараз қ.",1 жыл жұмыс өтілі,толық жұмыс күні,жоғары,20.10.2024 жарияланды
Шетел тілі мұғалімі,Білім беру және тәрбиелеу,от 525 000 до 642 000 тг.,"""Haileybury Almaty"" коммерциялық емес акционерлік қоғамы","Алматы  қ., Медеу ауданы",5 жыл жұмыс өтілі,толық жұмыс күні,жоғары,18.10.2024 жарияланды
Зертхана бастығы (өнеркәсіпте),Ғылым және кеңес беру,684 844 тг. бастап,Қазақстан Республикасы Энергетика министрлігінің «Қазақстан Республикасының Ұлттық ядролық орталығы» шаруашылық жүргізу құқығындағы республикалық мемлекеттік кәсіпорны,"Абай облысы, Курчатов қ.",3 жыл жұмыс өтілі,толық жұмыс күні,жоғары,18.10.2024 жарияланды
PR-менеджер,Маркетинг және БАҚ,720 000 тг. бастап,"""Нұрсұлтан Назарбаев халықаралық әуежайы"" акционерлік қоғамы","Астана қ., ""Есіл"" ауданы",3 жыл жұмыс өтілі,толық жұмыс күні,жоғары,18.10.2024 жарияланды
Басқарма бастығы,,85 000 тг. бастап,"""Кселл"" акционерлік қоғамы",Алматы  қ.,5 жыл жұмыс өтілі,толық жұмыс күні,,18.10.2024 жарияланды
Акушер,Медицина және фармацевтика,150 000 тг. бастап,"Алматы қаласы Қоғамдық денсаулық сақтау басқармасының шаруашылық жүргізу құқығындағы ""№17 қалалық емхана"" коммуналдық мемлекеттік кәсіпорны","Алматы  қ., Бостандық ауданы",Еңбек өтілі жоқ,толық жұмыс күні,техникалық және кәсіби,18.10.2024 жарияланды
Мейіргер,Медицина және фармацевтика,от 150 000 до 200 000 тг.,"Алматы қаласы Қоғамдық денсаулық сақтау басқармасының шаруашылық жүргізу құқығындағы ""№17 қалалық емхана"" коммуналдық мемлекеттік кәсіпорны",Алматы  қ.,Еңбек өтілі жоқ,толық жұмыс күні,техникалық және кәсіби,18.10.2024 жарияланды
Техник-программист,IT және телекоммуникациялар,от 100 000 до 300 000 тг.,"Астана қаласы әкімдігінің ""Астана-Жарнама"" коммуналдық мемлекеттік мекемесі",Астана қ.,3 жыл жұмыс өтілі,толық жұмыс күні,жоғары,18.10.2024 жарияланды
Инженер-сметашы,Құрылыс және сәулет,400 000 тг. бастап,"Шаруашылық жүргізу құқығындағы ""Материалдық-техникалық қамтамасыз ету басқармасының әкімшілік ғимараттары дирекциясы"" республикалық мемлекеттік кәсіпорны","Астана қ., ""Есіл"" ауданы",3 жыл жұмыс өтілі,толық жұмыс күні,жоғары,18.10.2024 жарияланды
"Өндіріс меңгерушісі (асхана, қонақүй, дәмхана және т.б.)",Тұру және тамақтану,200 000 тг. бастап,"""Қазақстандық-француздық ""КАТКО"" Бiрлескен кәсiпорны"" жауапкершiлiгi шектеулi серiктестiгi","Түркістан облысы, Созақ ауданы, Тасты а.",3 жыл жұмыс өтілі,толық жұмыс күні,жоғары,18.10.2024 жарияланды
Авиация диспетчері,Көлік және логистика,400 000 тг. бастап,Қазақстан Республикасы Көлік министрлігі Азаматтық авиация комитетінің «Казаэронавигация» шаруашылық жүргізу құқығындағы республикалық мемлекеттік кәсіпорнының «Орталық Қазақстан әуе қозғалысын ұйымдастыру өңірлік орталығы» филиалы,"Астана қ., ""Есіл"" ауданы",Еңбек өтілі жоқ,ауысымды,жоғары,18.10.2024 жарияланды
Кітапханашы,Мәдениет және спорт,150 000 тг. бастап,"Шығыс Қазақстан облысының мәдениет басқармасының ""Шығыс Қазақстан облыстық балалар және жасөспірімдер кітапханасы"" коммуналдық мемлекеттік мекемесі","Шығыс Қазақстан облысы, Өскемен қ.",Еңбек өтілі жоқ,толық жұмыс күні,жоғары,18.10.2024 жарияланды
Эколог,Ғылым және кеңес беру,500 000 тг. бастап,Қазақстан Республикасындағы GІZ Өкілдігі,Астана қ.,8 жыл жұмыс өтілі,толық жұмыс күні,жоғары,18.10.2024 жарияланды
Ақпараттық-коммуникациялық технологиялар саласындағы ЖОО профессоры,Білім беру және тәрбиелеу,от 200 000 до 250 000 тг.,"""Сәрсен Аманжолов атындағы Шығыс Қазақстан университеті"" коммерциялық емес акционерлік қоғамы","Шығыс Қазақстан облысы, Өскемен қ.",8 жыл жұмыс өтілі,толық жұмыс күні,жоғары оқу орыннан кейін,18.10.2024 жарияланды
Тілдік пәндер саласындағы ЖОО профессоры,Білім беру және тәрбиелеу,от 200 000 до 250 000 тг.,"""Сәрсен Аманжолов атындағы Шығыс Қазақстан университеті"" коммерциялық емес акционерлік қоғамы","Шығыс Қазақстан облысы, Өскемен қ.",8 жыл жұмыс өтілі,толық жұмыс күні,жоғары оқу орыннан кейін,18.10.2024 жарияланды
Авиация диспетчері,Көлік және логистика,500 000 тг. бастап,Қазақстан Республикасы Көлік министрлігі Азаматтық авиация комитетінің «Казаэронавигация» шаруашылық жүргізу құқығындағы республикалық мемлекеттік кәсіпорнының «Орталық Қазақстан әуе қозғалысын ұйымдастыру өңірлік орталығы» филиалы,"Астана қ., ""Есіл"" ауданы",3 жыл жұмыс өтілі,ауысымды,техникалық және кәсіби,18.10.2024 жарияланды
Авиация диспетчері,Көлік және логистика,300 000 тг. бастап,Қазақстан Республикасы Көлік министрлігі Азаматтық авиация комитетінің «Казаэронавигация» шаруашылық жүргізу құқығындағы республикалық мемлекеттік кәсіпорнының «Орталық Қазақстан әуе қозғалысын ұйымдастыру өңірлік орталығы» филиалы,"Астана қ., ""Есіл"" ауданы",3 жыл жұмыс өтілі,ауысымды,жоғары,18.10.2024 жарияланды
Авиация диспетчері,Көлік және логистика,300 000 тг. бастап,Қазақстан Республикасы Көлік министрлігі Азаматтық авиация комитетінің «Казаэронавигация» шаруашылық жүргізу құқығындағы республикалық мемлекеттік кәсіпорнының «Орталық Қазақстан әуе қозғалысын ұйымдастыру өңірлік орталығы» филиалы,"Астана қ., ""Есіл"" ауданы",Еңбек өтілі жоқ,толық жұмыс күні,жоғары,18.10.2024 жарияланды
Авиация диспетчері,Көлік және логистика,689 400 тг. бастап,Қазақстан Республикасы Көлік министрлігі Азаматтық авиация комитетінің «Казаэронавигация» шаруашылық жүргізу құқығындағы республикалық мемлекеттік кәсіпорнының «Орталық Қазақстан әуе қозғалысын ұйымдастыру өңірлік орталығы» филиалы,"Астана қ., ""Есіл"" ауданы",6 жыл жұмыс өтілі,ауысымды,техникалық және кәсіби,18.10.2024 жарияланды
Авиация диспетчері,Көлік және логистика,400 000 тг. бастап,Қазақстан Республикасы Көлік министрлігі Азаматтық авиация комитетінің «Казаэронавигация» шаруашылық жүргізу құқығындағы республикалық мемлекеттік кәсіпорнының «Орталық Қазақстан әуе қозғалысын ұйымдастыру өңірлік орталығы» филиалы,"Астана қ., ""Есіл"" ауданы",Еңбек өтілі жоқ,ауысымды,жоғары,18.10.2024 жарияланды
Физика ғылымдары саласындағы ЖОО профессоры,Білім беру және тәрбиелеу,от 200 000 до 250 000 тг.,"""Сәрсен Аманжолов атындағы Шығыс Қазақстан университеті"" коммерциялық емес акционерлік қоғамы","Шығыс Қазақстан облысы, Өскемен қ.",8 жыл жұмыс өтілі,толық жұмыс күні,жоғары оқу орыннан кейін,18.10.2024 жарияланды
Гуманитарлық ғылымдар (тілдік пәндерден басқасы) саласындағы ЖОО профессоры,Білім беру және тәрбиелеу,от 200 000 до 250 000 тг.,"""Сәрсен Аманжолов атындағы Шығыс Қазақстан университеті"" коммерциялық емес акционерлік қоғамы","Шығыс Қазақстан облысы, Өскемен қ.",8 жыл жұмыс өтілі,толық жұмыс күні,жоғары оқу орыннан кейін,18.10.2024 жарияланды
Коррреспондент,Маркетинг және БАҚ,101 000 тг. бастап,«Қазақстан Республикасы Экология және табиғи ресурстар министрлігі Орман шаруашылығы және жануарлар дүниесі комитетінің «Семей орманы» мемлекеттік орман табиғи резерваты» республикалық мемлекеттік мекемесі,"Абай облысы, Семей қ.",Еңбек өтілі жоқ,толық жұмыс күні,жоғары,18.10.2024 жарияланды
Химик-биолог,Медицина және фармацевтика,240 000 тг. бастап,"""Мембран"" жауапкершілігі шектеулі серіктестігі",Алматы  қ.,1 жыл жұмыс өтілі,толық жұмыс күні,жоғары,17.10.2024 жарияланды
Сатып алу жөніндегі маман,Сауда және қоймалау,от 200 000 до 350 000 тг.,"""Моторная компания ""Астана-Моторс"" жауапкершілігі шектеулі серіктестігі","Алматы  қ., Бостандық ауданы",5 жыл жұмыс өтілі,толық жұмыс күні,жоғары,17.10.2024 жарияланды
Орыс тілі мен әдебиеті мұғалімі,Білім беру және тәрбиелеу,от 350 000 до 400 000 тг.,Ұлытау облысы білім басқармасының Ұлытау ауданы білім бөлімінің «№18 жалпы білім беретін мектебі» коммуналдық мемлекеттік мекемесі,"Ұлытау облысы, Ұлытау ауданы, Мыйбұлақ а.",Еңбек өтілі жоқ,толық жұмыс күні,жоғары,17.10.2024 жарияланды
Музыка мектебі оқытушысы,Білім беру және тәрбиелеу,120 000 тг. бастап,Smart Choice,Алматы  қ.,1 жыл жұмыс өтілі,толық жұмыс күні,ортадан кейін,17.10.2024 жарияланды
Мұражай қараушысы,Мәдениет және спорт,88 969 тг. бастап,Қазақстан Республикасы Мәдениет және ақпарат министрлігі Мәдениет комитетінің Қазақстан Республикасының Ұлттық музейі Республикалық мемлекеттік қазыналық кәсіпорны,"Астана қ., ""Алматы"" ауданы",Еңбек өтілі жоқ,толық жұмыс күні,ортадан кейін,17.10.2024 жарияланды
Шетел тілі мұғалімі,Білім беру және тәрбиелеу,от 171 527 до 350 309 тг.,"Абай облысы білім басқармасының Бородулиха ауданы білім бөлімінің ""Переменовка орта мектебі"" коммуналдық мемлекеттік мекемесі","Абай облысы, Бородулиха ауданы, Переменовка а.",1 жыл жұмыс өтілі,толық жұмыс күні,техникалық және кәсіби,17.10.2024 жарияланды
Акушер,Медицина және фармацевтика,от 150 000 до 250 000 тг.,"Абай облысы денсаулық сақтау басқармасының ""Үржар ауданының көпсалалы орталық ауруханасы"" шаруашылық жүргізу құқығындағы коммуналдық мемлекеттік кәсіпорны","Абай облысы, Үржар ауданы, Үржар а.",Еңбек өтілі жоқ,толық жұмыс күні,техникалық және кәсіби,17.10.2024 жарияланды
Шетел тілі мұғалімі,Білім беру және тәрбиелеу,от 200 000 до 220 000 тг.,"Қазақстан Республикасы Оқу-ағарту министрлігінің ""Абай атындағы Республикалық мамандандырылған дарынды балаларға арналған қазақ тілі мен әдебиетін тереңдете оқытатын орта мектеп-интернаты"" республикалық мемлекеттік мекемесі","Алматы  қ., Медеу ауданы",2 жыл жұмыс өтілі,толық жұмыс күні,техникалық және кәсіби,17.10.2024 жарияланды
Мектептің әлеуметтік жұмыс жөніндегі маманы,Білім беру және тәрбиелеу,230 000 тг. бастап,"Астана қаласы әкімдігінің ""№ 81 ""Astana English School"" халықаралық мектеп"" коммуналдық мемлекеттік мекемесі","Астана қ., ""Нұра"" ауданы",1 жыл жұмыс өтілі,толық жұмыс күні,техникалық және кәсіби,17.10.2024 жарияланды
Бағдарламалар және жобалар координаторы ( менеджері),Білім беру және тәрбиелеу,250 000 тг. бастап,"Астана қаласы әкімдігінің ""№ 81 ""Astana English School"" халықаралық мектеп"" коммуналдық мемлекеттік мекемесі","Астана қ., ""Нұра"" ауданы",3 жыл жұмыс өтілі,толық жұмыс күні,жоғары,17.10.2024 жарияланды
Сатып алу жөніндегі менеджер,Сауда және қоймалау,от 100 000 до 500 000 тг.,"""International Safety Standard"" жауапкершілігі шектеулі серіктестігі","Атырау облысы, Атырау қ.",3 жыл жұмыс өтілі,толық жұмыс күні,жоғары,17.10.2024 жарияланды
Шетел тілі мұғалімі,Білім беру және тәрбиелеу,350 000 тг. бастап,"Астана қаласы әкімдігінің ""№ 81 ""Astana English School"" халықаралық мектеп"" коммуналдық мемлекеттік мекемесі","Астана қ., ""Нұра"" ауданы",3 жыл жұмыс өтілі,толық жұмыс күні,техникалық және кәсіби,17.10.2024 жарияланды
Химия пәнінің мұғалімі,Білім беру және тәрбиелеу,350 000 тг. бастап,"Астана қаласы әкімдігінің ""№ 81 ""Astana English School"" халықаралық мектеп"" коммуналдық мемлекеттік мекемесі","Астана қ., ""Нұра"" ауданы",3 жыл жұмыс өтілі,толық жұмыс күні,техникалық және кәсіби,17.10.2024 жарияланды
Жалпы практика дәрігері,Медицина және фармацевтика,100 000 тг. бастап,"Алматы қаласы Қоғамдық денсаулық сақтау басқармасының шаруашылық жүргізу құқығындағы ""№33 қалалық емхана"" коммуналдық мемлекеттік кәсіпорны","Алматы  қ., Жетісу ауданы",1 жыл жұмыс өтілі,толық жұмыс күні,жоғары,17.10.2024 жарияланды
Мейіргер (жалпы бейін),Медицина және фармацевтика,100 000 тг. бастап,"Алматы қаласы Қоғамдық денсаулық сақтау басқармасының шаруашылық жүргізу құқығындағы ""№33 қалалық емхана"" коммуналдық мемлекеттік кәсіпорны","Алматы  қ., Жетісу ауданы",1 жыл жұмыс өтілі,толық жұмыс күні,жоғары оқу орыннан кейін,17.10.2024 жарияланды
Халықаралық қатынастар жөніндегі маман,Маркетинг және БАҚ,от 200 000 до 230 000 тг.,"""Қазақстан Республикасы Мәдениет және ақпарат министрлігі Мәдениет комитетінің ""Абай атындағы Қазақ ұлттық опера және балет театры"" республикалық мемлекеттік қазыналық кәсіпорны","Алматы  қ., Алмалы ауданы",2 жыл жұмыс өтілі,толық жұмыс күні,жоғары,17.10.2024 жарияланды
Эколог,Ғылым және кеңес беру,от 150 000 до 250 000 тг.,"""Nomad Eco"" жауапкершілігі шектеулі серіктестігі","Астана қ., ""Нұра"" ауданы",3 жыл жұмыс өтілі,толық жұмыс күні,жоғары,17.10.2024 жарияланды
PR-менеджер,Маркетинг және БАҚ,от 200 000 до 230 000 тг.,"""Қазақстан Республикасы Мәдениет және ақпарат министрлігі Мәдениет комитетінің ""Абай атындағы Қазақ ұлттық опера және балет театры"" республикалық мемлекеттік қазыналық кәсіпорны","Алматы  қ., Алмалы ауданы",2 жыл жұмыс өтілі,толық жұмыс күні,жоғары,17.10.2024 жарияланды
Орыс тілі мен әдебиеті мұғалімі,Білім беру және тәрбиелеу,от 100 000 до 120 000 тг.,«Батыс Қазақстан облысы әкімдігі білім басқармасының Қаратөбе ауданы білім беру бөлімінің «Соналы жалпы орта білім беретін мектебі» коммуналдық мемлекеттік мекемесі,"Батыс Қазақстан облысы, Қаратөбе ауданы, Соналы а.",Еңбек өтілі жоқ,толық жұмыс күні,жоғары,17.10.2024 жарияланды
Кафедра меңгерушісі,Білім беру және тәрбиелеу,от 400 000 до 500 000 тг.,"""Ulttyq Business & Engineering School"" жауапкершілігі шектеулі серіктестігі","Астана қ., ""Есіл"" ауданы",5 жыл жұмыс өтілі,толық жұмыс күні,жоғары оқу орыннан кейін,17.10.2024 жарияланды
Редактор (жалпы бейін),Маркетинг және БАҚ,от 250 000 до 300 000 тг.,"Қазақстан Республикасы Оқу-ағарту министрлігінің ""Ы. Алтынсарин атындағы Ұлттық білім академиясы"" шаруашылық жүргізу құқығындағы республикалық мемлекеттік кәсіпорны","Астана қ., ""Есіл"" ауданы",3 жыл жұмыс өтілі,толық жұмыс күні,жоғары,16.10.2024 жарияланды
Жалпы практика дәрігері,Медицина және фармацевтика,от 200 000 до 300 000 тг.,Қазақстан Республикасы Төтенше жағдайлар министрлігінің Апаттар медицинасы орталығы (Астана қаласы) мемлекеттік мекемесінің Алматы қаласы бойынша филиалы,"Алматы  қ., Бостандық ауданы",1 жыл жұмыс өтілі,толық жұмыс күні,жоғары,16.10.2024 жарияланды
Медицина тіркеушісі,Медицина және фармацевтика,от 85 000 до 100 000 тг.,"Алматы қаласы Қоғамдық денсаулық сақтау басқармасының шаруашылық жүргізу құқығындағы ""№33 қалалық емхана"" коммуналдық мемлекеттік кәсіпорны","Алматы  қ., Жетісу ауданы",1 жыл жұмыс өтілі,толық жұмыс күні,жоғары оқу орыннан кейін,16.10.2024 жарияланды
Әдіскер,Білім беру және тәрбиелеу,от 150 000 до 200 000 тг.,"Шығыс Қазақстан облысы білім басқармасының ""Зайсан ауданы бойынша білім бөлімі"" мемлекеттік мекемесі","Шығыс Қазақстан облысы, Зайсан ауданы, Зайсан қ.",5 жыл жұмыс өтілі,толық жұмыс күні,жоғары,16.10.2024 жарияланды
Офис-менеджер,HR және хатшылық,от 160 000 до 200 000 тг.,"Қазақстан Республикасының Цифрлық даму, инновациялар және аэроғарыш өнеркәсібі министрлігі Аэроғарыш комитетінің «Инфракос» шаруашылық жүргізу құқығындағы республикалық мемлекеттік кәсіпорнының Алматы қаласындағы филиалы","Алматы  қ., Алмалы ауданы",1 жыл жұмыс өтілі,толық жұмыс күні,жоғары,16.10.2024 жарияланды
"Бөлім меңгерушісі (басшысы) (әдеби-драмалық, режиссерлік, көркем-қойылымдық, педагогикалық және т.б.)",Мәдениет және спорт,180 000 тг. бастап,"""Шығыс Қазақстан облысы мәдениет басқармасының ""Шығыс Қазақстан облыстық драма және оперетта театры"" коммуналдық мемлекеттік қазыналық кәсіпорны","Шығыс Қазақстан облысы, Өскемен қ.",1 жыл жұмыс өтілі,толық жұмыс күні,жоғары,16.10.2024 жарияланды
Жүк фурасының жүргізушісі,Көлік және логистика,от 300 000 до 400 000 тг.,ИП Олжас,"Ақтөбе облысы, Ақтөбе қ., Астана ауданы",3 жыл жұмыс өтілі,толық жұмыс күні,техникалық және кәсіби,16.10.2024 жарияланды
Шетел тілі мұғалімі,Білім беру және тәрбиелеу,150 000 тг. бастап,"Астана қаласы әкімдігінің ""Ыбырай Алтынсарин атыңдағы № 83 мектеп-гимназия"" шаруашылық жүргізу құқығындағы мемлекеттік коммуналдық кәсіпорны",Астана қ.,3 жыл жұмыс өтілі,толық жұмыс күні,жоғары,15.10.2024 жарияланды
Заңгер,Құқықтану,от 110 760 до 200 000 тг.,"""АЗИЗ-ПРОЕКТ"" жауапкершілігі шектеулі серіктестігі","Ақтөбе облысы, Ақтөбе қ., Астана ауданы",Еңбек өтілі жоқ,толық жұмыс күні,жоғары,15.10.2024 жарияланды
Оқу бөлімі директорының (бастығы) орынбасары,Білім беру және тәрбиелеу,от 200 000 до 250 000 тг.,"""Жетісу облысы білім басқармасының Кербұлақ ауданы бойынша білім бөлімі"" мемлекеттік мекемесінің ""№49 орта мектеп"" коммуналдық мемлекеттік мекемесі","Жетісу облысы, Кербұлақ ауданы, Сарыөзек а.",5 жыл жұмыс өтілі,толық жұмыс күні,жоғары,15.10.2024 жарияланды
Қазақ тілі мен әдебиеті пәнінің мұғалімі,Білім беру және тәрбиелеу,100 000 тг. бастап,"""Spectrum Kindergarten"" жауапкершілігі шектеулі серіктестігі","Астана қ., ""Алматы"" ауданы",2 жыл жұмыс өтілі,толық емес жұмыс аптасы,жоғары,15.10.2024 жарияланды
Аудармашы (жазбаша),Ғылым және кеңес беру,от 150 000 до 300 000 тг.,Leader&Komek,"Астана қ., ""Байқоңыр"" ауданы",5 жыл жұмыс өтілі,толық жұмыс күні,жоғары,15.10.2024 жарияланды
Аудармашы (жазбаша),Ғылым және кеңес беру,от 150 000 до 300 000 тг.,Leader&Komek,"Астана қ., ""Байқоңыр"" ауданы",5 жыл жұмыс өтілі,толық жұмыс күні,жоғары,15.10.2024 жарияланды
Орыс тілі мен әдебиеті мұғалімі,Білім беру және тәрбиелеу,от 100 000 до 280 000 тг.,Ұлытау облысы білім басқармасының Ұлытау ауданы білім бөлімінің «№11 жалпы білім беретін мектебі» коммуналдық мемлекеттік мекемесі,"Ұлытау облысы, Ұлытау ауданы, Қоскөл а.",Еңбек өтілі жоқ,толық жұмыс күні,жоғары,15.10.2024 жарияланды
Шетел тілі мұғалімі,Білім беру және тәрбиелеу,от 150 000 до 200 000 тг.,"""Lingua Club"" жауапкершілігі шектеулі серіктестігі","Астана қ., ""Есіл"" ауданы",Еңбек өтілі жоқ,толық жұмыс күні,жоғары оқу орыннан кейін,14.10.2024 жарияланды
Кадрлар бойынша маман,HR және хатшылық,от 200 000 до 250 000 тг.,"Қазақстан Республикасы Оқу-ағарту министрлігінің ""Ы. Алтынсарин атындағы Ұлттық білім академиясы"" шаруашылық жүргізу құқығындағы республикалық мемлекеттік кәсіпорны","Астана қ., ""Есіл"" ауданы",3 жыл жұмыс өтілі,толық жұмыс күні,жоғары,14.10.2024 жарияланды
Кадрлар бойынша маман,HR және хатшылық,от 200 000 до 250 000 тг.,"Қазақстан Республикасы Оқу-ағарту министрлігінің ""Ы. Алтынсарин атындағы Ұлттық білім академиясы"" шаруашылық жүргізу құқығындағы республикалық мемлекеттік кәсіпорны","Астана қ., ""Есіл"" ауданы",3 жыл жұмыс өтілі,толық жұмыс күні,жоғары,14.10.2024 жарияланды
Программист-талдаушы,IT және телекоммуникациялар,от 200 000 до 250 000 тг.,"Қазақстан Республикасы Оқу-ағарту министрлігінің ""Ы. Алтынсарин атындағы Ұлттық білім академиясы"" шаруашылық жүргізу құқығындағы республикалық мемлекеттік кәсіпорны","Астана қ., ""Есіл"" ауданы",2 жыл жұмыс өтілі,толық жұмыс күні,жоғары,14.10.2024 жарияланды
Заңгер,Құқықтану,от 250 000 до 300 000 тг.,"Қазақстан Республикасы Оқу-ағарту министрлігінің ""Ы. Алтынсарин атындағы Ұлттық білім академиясы"" шаруашылық жүргізу құқығындағы республикалық мемлекеттік кәсіпорны","Астана қ., ""Есіл"" ауданы",3 жыл жұмыс өтілі,толық жұмыс күні,жоғары,14.10.2024 жарияланды
Қойма меңгерушісі,Өндіріс,от 200 000 до 250 000 тг.,"Қазақстан Республикасы Оқу-ағарту министрлігінің ""Ы. Алтынсарин атындағы Ұлттық білім академиясы"" шаруашылық жүргізу құқығындағы республикалық мемлекеттік кәсіпорны","Астана қ., ""Есіл"" ауданы",3 жыл жұмыс өтілі,толық жұмыс күні,жоғары,14.10.2024 жарияланды
Бас бухгалтердің орынбасары,Қаржы және бухгалтерлік есеп,от 350 000 до 400 000 тг.,"Қазақстан Республикасы Оқу-ағарту министрлігінің ""Ы. Алтынсарин атындағы Ұлттық білім академиясы"" шаруашылық жүргізу құқығындағы республикалық мемлекеттік кәсіпорны","Астана қ., ""Есіл"" ауданы",5 жыл жұмыс өтілі,толық жұмыс күні,жоғары,14.10.2024 жарияланды
Сатып алу жөніндегі маман,Қаржы және бухгалтерлік есеп,от 350 000 до 400 000 тг.,"Қазақстан Республикасы Оқу-ағарту министрлігінің ""Ы. Алтынсарин атындағы Ұлттық білім академиясы"" шаруашылық жүргізу құқығындағы республикалық мемлекеттік кәсіпорны","Астана қ., ""Есіл"" ауданы",3 жыл жұмыс өтілі,толық жұмыс күні,жоғары,14.10.2024 жарияланды
Сатып алу жөніндегі менеджер,Қаржы және бухгалтерлік есеп,от 250 000 до 300 000 тг.,"Қазақстан Республикасы Оқу-ағарту министрлігінің ""Ы. Алтынсарин атындағы Ұлттық білім академиясы"" шаруашылық жүргізу құқығындағы республикалық мемлекеттік кәсіпорны","Астана қ., ""Есіл"" ауданы",3 жыл жұмыс өтілі,толық жұмыс күні,жоғары,14.10.2024 жарияланды
Экономист,Қаржы және бухгалтерлік есеп,от 250 000 до 300 000 тг.,"Қазақстан Республикасы Оқу-ағарту министрлігінің ""Ы. Алтынсарин атындағы Ұлттық білім академиясы"" шаруашылық жүргізу құқығындағы республикалық мемлекеттік кәсіпорны","Астана қ., ""Есіл"" ауданы",3 жыл жұмыс өтілі,толық жұмыс күні,жоғары,14.10.2024 жарияланды
Бас экономист,Қаржы және бухгалтерлік есеп,от 450 000 до 500 000 тг.,"Қазақстан Республикасы Оқу-ағарту министрлігінің ""Ы. Алтынсарин атындағы Ұлттық білім академиясы"" шаруашылық жүргізу құқығындағы республикалық мемлекеттік кәсіпорны","Астана қ., ""Есіл"" ауданы",5 жыл жұмыс өтілі,толық жұмыс күні,жоғары,14.10.2024 жарияланды
Бас комплаенс-бақылаушы,Басшылар,от 350 000 до 400 000 тг.,"Қазақстан Республикасы Оқу-ағарту министрлігінің ""Ы. Алтынсарин атындағы Ұлттық білім академиясы"" шаруашылық жүргізу құқығындағы республикалық мемлекеттік кәсіпорны","Астана қ., ""Есіл"" ауданы",5 жыл жұмыс өтілі,толық жұмыс күні,жоғары,14.10.2024 жарияланды
"Мекеме, ұйым және кәсіпорын басшысының кеңесшісі",Басшылар,от 500 000 до 600 000 тг.,"Қазақстан Республикасы Оқу-ағарту министрлігінің ""Ы. Алтынсарин атындағы Ұлттық білім академиясы"" шаруашылық жүргізу құқығындағы республикалық мемлекеттік кәсіпорны","Астана қ., ""Есіл"" ауданы",3 жыл жұмыс өтілі,толық жұмыс күні,жоғары,14.10.2024 жарияланды
Ғылыми қызметкер (білім беру саласында),Білім беру және тәрбиелеу,от 200 000 до 250 000 тг.,"Қазақстан Республикасы Оқу-ағарту министрлігінің ""Ы. Алтынсарин атындағы Ұлттық білім академиясы"" шаруашылық жүргізу құқығындағы республикалық мемлекеттік кәсіпорны","Астана қ., ""Есіл"" ауданы",Еңбек өтілі жоқ,толық жұмыс күні,жоғары,14.10.2024 жарияланды
Ғылыми қызметкер (білім беру саласында),Білім беру және тәрбиелеу,от 300 000 до 400 000 тг.,"Қазақстан Республикасы Оқу-ағарту министрлігінің ""Ы. Алтынсарин атындағы Ұлттық білім академиясы"" шаруашылық жүргізу құқығындағы республикалық мемлекеттік кәсіпорны","Астана қ., ""Есіл"" ауданы",2 жыл жұмыс өтілі,толық жұмыс күні,жоғары,14.10.2024 жарияланды
Ғылыми қызметкер (білім беру саласында),Білім беру және тәрбиелеу,от 400 000 до 450 000 тг.,"Қазақстан Республикасы Оқу-ағарту министрлігінің ""Ы. Алтынсарин атындағы Ұлттық білім академиясы"" шаруашылық жүргізу құқығындағы республикалық мемлекеттік кәсіпорны","Астана қ., ""Есіл"" ауданы",3 жыл жұмыс өтілі,толық жұмыс күні,жоғары,14.10.2024 жарияланды
Ғылыми қызметкер (білім беру саласында),Білім беру және тәрбиелеу,от 400 000 до 450 000 тг.,"Қазақстан Республикасы Оқу-ағарту министрлігінің ""Ы. Алтынсарин атындағы Ұлттық білім академиясы"" шаруашылық жүргізу құқығындағы республикалық мемлекеттік кәсіпорны","Астана қ., ""Есіл"" ауданы",3 жыл жұмыс өтілі,толық жұмыс күні,жоғары,14.10.2024 жарияланды
Ғылыми қызметкер (білім беру саласында),Білім беру және тәрбиелеу,от 100 000 до 150 000 тг.,"Қазақстан Республикасы Оқу-ағарту министрлігінің ""Ы. Алтынсарин атындағы Ұлттық білім академиясы"" шаруашылық жүргізу құқығындағы республикалық мемлекеттік кәсіпорны","Астана қ., ""Есіл"" ауданы",3 жыл жұмыс өтілі,толық жұмыс күні,жоғары,14.10.2024 жарияланды
Ғылыми қызметкер (білім беру саласында),Білім беру және тәрбиелеу,от 250 000 до 300 000 тг.,"Қазақстан Республикасы Оқу-ағарту министрлігінің ""Ы. Алтынсарин атындағы Ұлттық білім академиясы"" шаруашылық жүргізу құқығындағы республикалық мемлекеттік кәсіпорны","Астана қ., ""Есіл"" ауданы",5 жыл жұмыс өтілі,толық жұмыс күні,жоғары,14.10.2024 жарияланды
Офис-менеджер,HR және хатшылық,от 200 000 до 250 000 тг.,"""Астана жиһаз фабрикасы №1"" жауапкершілігі шектеулі серіктестігі","Астана қ., ""Байқоңыр"" ауданы",3 жыл жұмыс өтілі,толық жұмыс күні,жоғары,14.10.2024 жарияланды
Ғылыми қызметкер (білім беру саласында),Білім беру және тәрбиелеу,от 350 000 до 400 000 тг.,"Қазақстан Республикасы Оқу-ағарту министрлігінің ""Ы. Алтынсарин атындағы Ұлттық білім академиясы"" шаруашылық жүргізу құқығындағы республикалық мемлекеттік кәсіпорны","Астана қ., ""Есіл"" ауданы",10 жыл жұмыс өтілі,толық жұмыс күні,жоғары,14.10.2024 жарияланды
Сатып алушы,Сауда және қоймалау,250 000 тг. бастап,"""Астана жиһаз фабрикасы №1"" жауапкершілігі шектеулі серіктестігі",Астана қ.,3 жыл жұмыс өтілі,толық жұмыс күні,жоғары,14.10.2024 жарияланды
Ғылыми қызметкер (білім беру саласында),Білім беру және тәрбиелеу,от 450 000 до 500 000 тг.,"Қазақстан Республикасы Оқу-ағарту министрлігінің ""Ы. Алтынсарин атындағы Ұлттық білім академиясы"" шаруашылық жүргізу құқығындағы республикалық мемлекеттік кәсіпорны","Астана қ., ""Есіл"" ауданы",10 жыл жұмыс өтілі,толық жұмыс күні,жоғары оқу орыннан кейін,14.10.2024 жарияланды
Ғылыми қызметкер (білім беру саласында),Білім беру және тәрбиелеу,от 350 000 до 450 000 тг.,"Қазақстан Республикасы Оқу-ағарту министрлігінің ""Ы. Алтынсарин атындағы Ұлттық білім академиясы"" шаруашылық жүргізу құқығындағы республикалық мемлекеттік кәсіпорны","Астана қ., ""Есіл"" ауданы",7 жыл жұмыс өтілі,толық жұмыс күні,жоғары,14.10.2024 жарияланды
Ғылыми қызметкер (білім беру саласында),Білім беру және тәрбиелеу,от 350 000 до 450 000 тг.,"Қазақстан Республикасы Оқу-ағарту министрлігінің ""Ы. Алтынсарин атындағы Ұлттық білім академиясы"" шаруашылық жүргізу құқығындағы республикалық мемлекеттік кәсіпорны","Астана қ., ""Есіл"" ауданы",7 жыл жұмыс өтілі,толық жұмыс күні,жоғары,14.10.2024 жарияланды
Ғылыми қызметкер (білім беру саласында),Білім беру және тәрбиелеу,от 400 000 до 500 000 тг.,"Қазақстан Республикасы Оқу-ағарту министрлігінің ""Ы. Алтынсарин атындағы Ұлттық білім академиясы"" шаруашылық жүргізу құқығындағы республикалық мемлекеттік кәсіпорны","Астана қ., ""Есіл"" ауданы",5 жыл жұмыс өтілі,толық жұмыс күні,жоғары,14.10.2024 жарияланды
Ғылыми қызметкер (білім беру саласында),Білім беру және тәрбиелеу,от 450 000 до 500 000 тг.,"Қазақстан Республикасы Оқу-ағарту министрлігінің ""Ы. Алтынсарин атындағы Ұлттық білім академиясы"" шаруашылық жүргізу құқығындағы республикалық мемлекеттік кәсіпорны","Астана қ., ""Есіл"" ауданы",5 жыл жұмыс өтілі,толық жұмыс күні,жоғары,14.10.2024 жарияланды
Бас бухгалтер,Қаржы және бухгалтерлік есеп,от 200 000 до 250 000 тг.,"""Озат Білім Компаниясы"" жауапкершілігі шектеулі серіктестігі","Жамбыл облысы, Тараз қ.",5 жыл жұмыс өтілі,толық жұмыс күні,жоғары,14.10.2024 жарияланды
Химия пәнінің мұғалімі,Білім беру және тәрбиелеу,от 150 000 до 200 000 тг.,"""Озат Білім Компаниясы"" жауапкершілігі шектеулі серіктестігі","Жамбыл облысы, Тараз қ.",Еңбек өтілі жоқ,толық жұмыс күні,жоғары,14.10.2024 жарияланды
Математика мұғалімі (алгебра және геометрия),Білім беру және тәрбиелеу,от 200 000 до 250 000 тг.,"""Озат Білім Компаниясы"" жауапкершілігі шектеулі серіктестігі","Жамбыл облысы, Тараз қ.",Еңбек өтілі жоқ,толық жұмыс күні,жоғары,14.10.2024 жарияланды
Авиация диспетчері,Көлік және логистика,280 000 тг. бастап,"Қазақстан Республикасы Көлік министрлігі Азаматтық авиация комитетінің ""Қазаэронавигация"" шаруашылық жүргізу құқығындағы республикалық мемлекеттік кәсіпорнының Жамбыл филиалы","Жамбыл облысы, Тараз қ.",Еңбек өтілі жоқ,толық жұмыс күні,жоғары,14.10.2024 жарияланды
Авиация диспетчері,Көлік және логистика,280 600 тг. бастап,"Қазақстан Республикасы Көлік министрлігі Азаматтық авиация комитетінің ""Қазаэронавигация"" шаруашылық жүргізу құқығындағы республикалық мемлекеттік кәсіпорнының Жамбыл филиалы","Жамбыл облысы, Тараз қ.",Еңбек өтілі жоқ,ауысымды,жоғары,14.10.2024 жарияланды
Авиация диспетчері,Көлік және логистика,300 000 тг. бастап,"Қазақстан Республикасы Көлік министрлігі Азаматтық авиация комитетінің ""Қазаэронавигация"" шаруашылық жүргізу құқығындағы республикалық мемлекеттік кәсіпорнының Жамбыл филиалы","Жамбыл облысы, Тараз қ.",Еңбек өтілі жоқ,толық жұмыс күні,жоғары,14.10.2024 жарияланды
Ресепшн қызметкері,Тұру және тамақтану,250 000 тг. бастап,"""ГРУПП Төрт"" Жауапкершілігі Шектеулі Серіктестігінің Астана қаласындағы филиалы","Астана қ., ""Алматы"" ауданы",Еңбек өтілі жоқ,ауысымды,ортадан кейін,14.10.2024 жарияланды
"Бас сарапшы, В-5 санаты",Мемлекеттік қызмет,от 130 000 до 160 000 тг.,"Алматы қаласы Қоғамдық даму басқармасының ""Алматы қаласы Қоғамдық даму орталығы"" коммуналдық мемлекеттік мекемесі","Алматы  қ., Алмалы ауданы",2 жыл жұмыс өтілі,толық жұмыс күні,жоғары,14.10.2024 жарияланды
Клиенттермен жұмыс жасау жөніндегі менеджер,Жеке қызметтер және сервис,от 85 000 до 900 000 тг.,"ИП ""АХМЕТОВА Р.С.""",Астана қ.,Еңбек өтілі жоқ,толық жұмыс күні,жоғары,14.10.2024 жарияланды
Математика мұғалімі (алгебра және геометрия),Білім беру және тәрбиелеу,120 000 тг. бастап,"Жамбыл облысы әкімдігінің білім басқармасының ""Жамбыл инновациялық жоғары колледжі"" мемлекеттік коммуналдық қазыналық кәсіпорны","Жамбыл облысы, Тараз қ.",1 жыл жұмыс өтілі,толық жұмыс күні,жоғары,14.10.2024 жарияланды
Ұйымдастырушы мұғалім,Білім беру және тәрбиелеу,от 200 000 до 250 000 тг.,"""Perspective School"" жауапкершілігі шектеулі серіктестігі","Астана қ., ""Алматы"" ауданы",1 жыл жұмыс өтілі,толық жұмыс күні,жоғары,14.10.2024 жарияланды
Бала бақшасындағы күтуші,Білім беру және тәрбиелеу,от 85 000 до 90 000 тг.,"Қарағанды облысы білім басқармасының Қарағанды қаласы білім бөлімінің ""Алтын бесік"" бөбекжайы"" коммуналдық мемлекеттік қазыналық кәсіпорыны","Қарағанды облысы, Қарағанды қ.",1 жыл жұмыс өтілі,толық жұмыс күні,жалпы орта (1 сыныптан 11/12 сыныптарға дейін),14.10.2024 жарияланды
Гардеробшы,Мәдениет және спорт,от 85 000 до 100 000 тг.,"Қазақстан Республикасының Мәдениет және ақпарат министрлігі Мәдениет комитетінің ""Құрманғазы атындағы Қазақ ұлттық халық аспаптар оркестрі"" республикалық мемлекеттік қазыналық кәсіпорны","Алматы  қ., Алмалы ауданы",Еңбек өтілі жоқ,толық емес жұмыс күні,ортадан кейін,14.10.2024 жарияланды
Аудармашы (жазбаша),,85 000 тг. бастап,"""Алматинские электрические станции"" акционерлік қоғамы",Алматы  қ.,3 жыл жұмыс өтілі,толық жұмыс күні,жоғары,14.10.2024 жарияланды
Шетел тілі мұғалімі,Білім беру және тәрбиелеу,от 86 000 до 200 000 тг.,ИП Биктимирова,"Батыс Қазақстан облысы, Орал қ.",1 жыл жұмыс өтілі,толық емес жұмыс күні,жоғары,14.10.2024 жарияланды
Комплаенс маманы,Қаржы және бухгалтерлік есеп,600 000 тг. бастап,"""Нұрсұлтан Назарбаев халықаралық әуежайы"" акционерлік қоғамы","Астана қ., ""Есіл"" ауданы",7 жыл жұмыс өтілі,толық жұмыс күні,жоғары,11.10.2024 жарияланды
Бөлім бастығы,Басшылар,от 130 000 до 140 000 тг.,"""Жетісу облысының кәсіпкерлік және индустриялық-инновациялық даму басқармасы"" мемлекеттік мекемесінің ""Жетісу"" туристік ақпараттық орталығы"" коммуналдық мемлекеттік мекемесі","Жетісу облысы, Талдықорған қ.",1 жыл жұмыс өтілі,толық жұмыс күні,жоғары,11.10.2024 жарияланды
Шетел тілі мұғалімі,Білім беру және тәрбиелеу,180 000 тг. бастап,"""Almaty Brainy Centre"" жауапкершілігі шектеулі серіктестігі","Алматы  қ., Медеу ауданы",Еңбек өтілі жоқ,толық жұмыс күні,жоғары,11.10.2024 жарияланды
Жүйелік әкімші,IT және телекоммуникациялар,от 400 000 до 480 000 тг.,"""Haileybury Astana School"" коммерциялық емес акционерлік қоғамы","Астана қ., ""Алматы"" ауданы",4 жыл жұмыс өтілі,толық жұмыс күні,жоғары,11.10.2024 жарияланды
SMM-менеджер,Маркетинг және БАҚ,от 200 000 до 230 000 тг.,"""Қазақстан Республикасы Мәдениет және ақпарат министрлігі Мәдениет комитетінің ""Абай атындағы Қазақ ұлттық опера және балет театры"" республикалық мемлекеттік қазыналық кәсіпорны","Алматы  қ., Алмалы ауданы",2 жыл жұмыс өтілі,толық жұмыс күні,жоғары,11.10.2024 жарияланды
Қаржы жөніндегі құрылымдық бөлім жетекшісінің орынбасары,Қаржы және бухгалтерлік есеп,от 350 000 до 380 000 тг.,"""Haileybury Astana School"" коммерциялық емес акционерлік қоғамы",Астана қ.,3 жыл жұмыс өтілі,толық жұмыс күні,жоғары,11.10.2024 жарияланды
Шетел тілі мұғалімі,Білім беру және тәрбиелеу,,ИП КУБУКУЛОВА МАНАР НЕФЕСБЕРГЕНОВНА,"Маңғыстау облысы, Жаңаөзен қ., Теңге а.",Еңбек өтілі жоқ,,техникалық және кәсіби,11.10.2024 жарияланды
Есеп жөніндегі бухгалтер,Қаржы және бухгалтерлік есеп,,ИП КУБУКУЛОВА МАНАР НЕФЕСБЕРГЕНОВНА,"Маңғыстау облысы, Жаңаөзен қ., Теңге а.",Еңбек өтілі жоқ,,техникалық және кәсіби,11.10.2024 жарияланды
Кітапханашы,Мәдениет және спорт,от 85 000 до 150 000 тг.,"Қарағанды облысының мәдениет, архивтер және кұжаттама басқармасының ""Н.В.Гоголь атындағы Қарағанды облыстық әмбебап ғылыми кітапханасы"" коммуналдық мемлекеттік мекемесі","Қарағанды облысы, Қарағанды қ., Қазыбек би атын.ауданы",1 жыл жұмыс өтілі,толық жұмыс күні,техникалық және кәсіби,11.10.2024 жарияланды
Промоутер (жарнама),Біліктілігі жоқ мамандықтар,от 150 000 до 180 000 тг.,"""SHARMel"" жауапкершілігі шектеулі серіктестігі",Астана қ.,1 жыл жұмыс өтілі,толық емес жұмыс аптасы,ортадан кейін,11.10.2024 жарияланды
Академик - хатшы,Білім беру және тәрбиелеу,от 250 000 до 315 000 тг.,"""Haileybury Almaty"" коммерциялық емес акционерлік қоғамы","Алматы  қ., Медеу ауданы",2 жыл жұмыс өтілі,толық жұмыс күні,жоғары,11.10.2024 жарияланды
Техникалық бақылау бақылаушысы,Өндіріс,от 150 000 до 200 000 тг.,""" ИСИ ГИПС ИНДЕР"" жауапкершілігі шектеулі серіктестігі","Атырау облысы, Индер ауданы, Индербор к.",3 жыл жұмыс өтілі,толық жұмыс күні,техникалық және кәсіби,11.10.2024 жарияланды
Сатып алу жөніндегі маман,,85 000 тг. бастап,"""Бейнеу-Шымкент Газ құбыры"" жауапкершілігі шектеулі серіктестігі",Алматы  қ.,3 жыл жұмыс өтілі,толық жұмыс күні,жоғары,10.10.2024 жарияланды
Департамент директоры,Басшылар,900 000 тг. бастап,"""Қазақстанның авиациялық әкімшілігі"" акционерлік қоғамы","Астана қ., ""Есіл"" ауданы",10 жыл жұмыс өтілі,толық жұмыс күні,жоғары,10.10.2024 жарияланды
Департамент директоры,Басшылар,900 000 тг. бастап,"""Қазақстанның авиациялық әкімшілігі"" акционерлік қоғамы","Астана қ., ""Есіл"" ауданы",10 жыл жұмыс өтілі,толық жұмыс күні,жоғары,10.10.2024 жарияланды
Физика пәнінің мұғалімі,Білім беру және тәрбиелеу,от 150 000 до 200 000 тг.,"""Озат Білім Компаниясы"" жауапкершілігі шектеулі серіктестігі","Жамбыл облысы, Тараз қ.",Еңбек өтілі жоқ,толық жұмыс күні,жоғары,10.10.2024 жарияланды
Тарих пәнінің мұғалімі,Білім беру және тәрбиелеу,от 150 000 до 200 000 тг.,"""Озат Білім Компаниясы"" жауапкершілігі шектеулі серіктестігі","Жамбыл облысы, Тараз қ.",Еңбек өтілі жоқ,толық жұмыс күні,жоғары,10.10.2024 жарияланды
Информатика пәнінің мұғалімі,Білім беру және тәрбиелеу,от 150 000 до 200 000 тг.,"""Озат Білім Компаниясы"" жауапкершілігі шектеулі серіктестігі","Жамбыл облысы, Тараз қ.",Еңбек өтілі жоқ,толық жұмыс күні,жоғары,10.10.2024 жарияланды
Шетел тілі мұғалімі,Білім беру және тәрбиелеу,от 150 000 до 200 000 тг.,"""Озат Білім Компаниясы"" жауапкершілігі шектеулі серіктестігі","Жамбыл облысы, Тараз қ.",Еңбек өтілі жоқ,толық жұмыс күні,жоғары,10.10.2024 жарияланды
География пәнінің мұғалімі,Білім беру және тәрбиелеу,от 200 000 до 250 000 тг.,"""Озат Білім Компаниясы"" жауапкершілігі шектеулі серіктестігі","Жамбыл облысы, Тараз қ.",Еңбек өтілі жоқ,толық жұмыс күні,жоғары,10.10.2024 жарияланды
Оқу бөлімінің меңгерушісі,Білім беру және тәрбиелеу,от 200 000 до 250 000 тг.,"""Озат Білім Компаниясы"" жауапкершілігі шектеулі серіктестігі","Жамбыл облысы, Тараз қ.",5 жыл жұмыс өтілі,толық жұмыс күні,жоғары,10.10.2024 жарияланды
Құрылымдық бөлімнің бастығы,Басшылар,900 000 тг. бастап,"""Қазақстанның авиациялық әкімшілігі"" акционерлік қоғамы","Астана қ., ""Есіл"" ауданы",10 жыл жұмыс өтілі,толық жұмыс күні,жоғары,10.10.2024 жарияланды
Авиациялық қауіпсіздік жөніндегі инспектор,Көлік және логистика,900 000 тг. бастап,"""Қазақстанның авиациялық әкімшілігі"" акционерлік қоғамы","Астана қ., ""Есіл"" ауданы",7 жыл жұмыс өтілі,толық жұмыс күні,жоғары,10.10.2024 жарияланды
Библиограф,Мәдениет және спорт,от 130 000 до 135 000 тг.,"""Нархоз Университеті"" Коммерциялық емес акционерлік қоғамы","Алматы  қ., Әуезов ауданы",3 жыл жұмыс өтілі,толық жұмыс күні,жоғары,10.10.2024 жарияланды
Кітапханашы,Мәдениет және спорт,от 150 000 до 170 000 тг.,"""Нархоз Университеті"" Коммерциялық емес акционерлік қоғамы","Алматы  қ., Әуезов ауданы",3 жыл жұмыс өтілі,толық жұмыс күні,жоғары,10.10.2024 жарияланды
Кәсіптік бағдар беру жөніндегі консультант,Білім беру және тәрбиелеу,от 150 000 до 200 000 тг.,"""Нархоз Университеті"" Коммерциялық емес акционерлік қоғамы","Алматы  қ., Әуезов ауданы",3 жыл жұмыс өтілі,толық жұмыс күні,жоғары,10.10.2024 жарияланды
Кәсіптік бағдар беру жөніндегі консультант,Білім беру және тәрбиелеу,от 150 000 до 200 000 тг.,"""Нархоз Университеті"" Коммерциялық емес акционерлік қоғамы","Алматы  қ., Әуезов ауданы",3 жыл жұмыс өтілі,толық жұмыс күні,жоғары,10.10.2024 жарияланды
Физика пәнінің мұғалімі,Білім беру және тәрбиелеу,509 000 тг. бастап,"""Назарбаев Зияткерлік мектептері"" дербес білім беру ұйымының ""Педагогикалық өлшеулер орталығы"" филиалы","Астана қ., ""Нұра"" ауданы",3 жыл жұмыс өтілі,толық жұмыс күні,жоғары оқу орыннан кейін,10.10.2024 жарияланды
Ұшу қауіпсіздігі жөніндегі инженер-инспектор,Көлік және логистика,700 000 тг. бастап,"""Қазақстанның авиациялық әкімшілігі"" акционерлік қоғамы","Астана қ., ""Есіл"" ауданы",5 жыл жұмыс өтілі,толық жұмыс күні,жоғары,10.10.2024 жарияланды
Математика мұғалімі (алгебра және геометрия),Білім беру және тәрбиелеу,от 100 000 до 120 000 тг.,"""I-SHUAK"" жауапкершілігі шектеулі серіктестігі","Алматы  қ., Наурызбай ауданы",Еңбек өтілі жоқ,басқа спецификалық жұмыстар,жоғары,10.10.2024 жарияланды
Шетел тілі мұғалімі,Білім беру және тәрбиелеу,от 150 000 до 300 000 тг.,Global Mind Academy,"Алматы  қ., Жетісу ауданы",2 жыл жұмыс өтілі,толық жұмыс күні,жоғары,10.10.2024 жарияланды
Туризм жөніндегі агент,Туризм,от 100 000 до 120 000 тг.,ИП 7-SU Travel,"Жетісу облысы, Талдықорған қ.",1 жыл жұмыс өтілі,толық жұмыс күні,жоғары,10.10.2024 жарияланды
Кадрлар бойынша маман,HR және хатшылық,250 000 тг. бастап,"""Аджип Қарашығанақ Б.В."" жаупкершілігі шектеулі компаниясының филиалы","Астана қ., ""Есіл"" ауданы",1 жыл жұмыс өтілі,толық жұмыс күні,жоғары,10.10.2024 жарияланды
Авиация технигі,Көлік және логистика,167 800 тг. бастап,"""Павлодар әуежайы"" акционерлік қоғамы","Павлодар облысы, Павлодар қ.",3 жыл жұмыс өтілі,толық жұмыс күні,техникалық және кәсіби,10.10.2024 жарияланды
Кадр жөніндегі инспектор,Әлеуметтік қызмет көрсету,от 85 000 до 100 000 тг.,"Түркістан облысының цифрландыру, мемлекеттік қызметтер көрсету және архивтер басқармасының ""Түркістан облысының мемлекеттік архиві"" коммуналдық мемлекеттік мекемесі","Шымкент қ., Әл Фараби ауданы",1 жыл жұмыс өтілі,толық жұмыс күні,жоғары,10.10.2024 жарияланды
Шетел тілі мұғалімі,Білім беру және тәрбиелеу,от 85 000 до 180 000 тг.,Polyglot,"Абай облысы, Семей қ.",Еңбек өтілі жоқ,толық жұмыс күні,ортадан кейін,09.10.2024 жарияланды
Экономист-аналитик,Қаржы және бухгалтерлік есеп,от 250 000 до 300 000 тг.,"""Каспиан Оффшор Констракшн"" жауапкершілігі шектеулі серіктестігі","Маңғыстау облысы, Түпқараған ауданы, Баутино а.",3 жыл жұмыс өтілі,толық жұмыс күні,жоғары,09.10.2024 жарияланды
Корпоративтік маман,HR және хатшылық,от 490 000 до 625 000 тг.,"""Хабар"" Агенттігі"" Акционерлік қоғамы","Астана қ., ""Есіл"" ауданы",5 жыл жұмыс өтілі,толық жұмыс күні,жоғары,09.10.2024 жарияланды
Медицина тіркеушісі,Медицина және фармацевтика,190 000 тг. бастап,"""MediSupport"" жауапкершілігі шектеулі серіктестігі","Алматы  қ., Медеу ауданы",Еңбек өтілі жоқ,толық жұмыс күні,техникалық және кәсіби,08.10.2024 жарияланды
География пәнінің мұғалімі,Білім беру және тәрбиелеу,509 000 тг. бастап,"""Назарбаев Зияткерлік мектептері"" дербес білім беру ұйымының ""Педагогикалық өлшеулер орталығы"" филиалы","Астана қ., ""Нұра"" ауданы",3 жыл жұмыс өтілі,толық жұмыс күні,жоғары оқу орыннан кейін,08.10.2024 жарияланды
Бөлім бастығы (көлікте),Көлік және логистика,300 000 тг. бастап,"""RG Gold"" Жауапкершілігі шектеулі серіктесігі","Ақмола облысы, Бурабай  ауданы, Щучинск қ.",3 жыл жұмыс өтілі,толық жұмыс күні,жоғары,08.10.2024 жарияланды
Бөлім бастығы (құрылыста),Құрылыс және сәулет,300 000 тг. бастап,"""RG Gold"" Жауапкершілігі шектеулі серіктесігі","Ақмола облысы, Бурабай  ауданы, Щучинск қ.",3 жыл жұмыс өтілі,толық жұмыс күні,жоғары,08.10.2024 жарияланды
Әкімшілік хатшысы,HR және хатшылық,200 000 тг. бастап,"""RG Gold"" Жауапкершілігі шектеулі серіктесігі","Ақмола облысы, Бурабай  ауданы, Щучинск қ.",3 жыл жұмыс өтілі,вахталық әдіс,жоғары,08.10.2024 жарияланды
Маркетолог,Маркетинг және БАҚ,от 300 000 до 350 000 тг.,"Қазақстан Республикасы Денсаулық сақтау министрлігінің ""Ұлттық шұғыл медицинаны үйлестіру орталығы"" шаруашылық жүргізу құқығындағы республикалық мемлекеттік кәсіпорны","Астана қ., ""Нұра"" ауданы",3 жыл жұмыс өтілі,толық жұмыс күні,жоғары,08.10.2024 жарияланды
Санитариялық инспектор,Өндіріс,400 000 тг. бастап,"""Орика-Қазақстан"" акционерлік қоғамы","Шығыс Қазақстан облысы, Глубокое ауданы",5 жыл жұмыс өтілі,толық жұмыс күні,жоғары,08.10.2024 жарияланды
Ғылыми қызметкер (құқық саласындағы),Құқықтану,от 200 000 до 250 000 тг.,"""Қонаев университеті"" жауапкершілігі шектеулі серіктестігі","Алматы  қ., Алмалы ауданы",5 жыл жұмыс өтілі,толық жұмыс күні,жоғары оқу орыннан кейін,08.10.2024 жарияланды
Журналист,Маркетинг және БАҚ,250 000 тг. бастап,"Қазақстан Республикасы Ғылым және жоғары білім министрлігі Ғылым комитетінің ""Ш.Ш.Уәлиханов атындығы Тарих және этнология институты"" шаруашылық жүргізу құқығындағы республикалық мемлекеттік кәсіпорны","Алматы  қ., Медеу ауданы",6 жыл жұмыс өтілі,толық жұмыс күні,жоғары,07.10.2024 жарияланды
Денсаулық сақтау менеджері,Медицина және фармацевтика,от 250 000 до 550 000 тг.,"""Аян"" емдеу - сауықтыру орталығы"" жауапкершілігі шектеулі серіктестігі","Түркістан облысы, Сарыағаш ауданы, Сарыағаш қ.",10 жыл жұмыс өтілі,толық жұмыс күні,жоғары,07.10.2024 жарияланды
Ғылыми қызметкер (ауыл шаруашылығы саласындағы),Ғылым және кеңес беру,от 125 000 до 149 776 тг.,"""Қазақ ғылыми-зерттеу ветеринария институты"" жауапкершілігі шектеулі серіктестігі","Алматы  қ., Жетісу ауданы",1 жыл жұмыс өтілі,толық жұмыс күні,жоғары,07.10.2024 жарияланды
Логистика маманы,Көлік және логистика,300 000 тг. бастап,"""FTG Company"" жауапкершілігі шектеулі серіктестігі","Алматы  қ., Әуезов ауданы",3 жыл жұмыс өтілі,толық жұмыс күні,техникалық және кәсіби,07.10.2024 жарияланды
Орталық басшысы (білім беруде),Басшылар,от 220 000 до 251 000 тг.,"""Меңдіқара ауданы әкімдігінің мәдениет және тілдерді дамыту бөлімі"" мемлекеттік мекемесі","Қостанай облысы, Меңдіқара ауданы, Боровской а.",5 жыл жұмыс өтілі,толық жұмыс күні,жоғары,07.10.2024 жарияланды
Бас атқарушы директорының орынбасары,Көлік және логистика,900 000 тг. бастап,"""Қазақстанның авиациялық әкімшілігі"" акционерлік қоғамы","Астана қ., ""Есіл"" ауданы",10 жыл жұмыс өтілі,толық жұмыс күні,жоғары,04.10.2024 жарияланды
Шетел тілі мұғалімі,Білім беру және тәрбиелеу,150 000 тг. бастап,"Учебный центр ""Planeta KIDS""","Астана қ., ""Алматы"" ауданы",Еңбек өтілі жоқ,толық жұмыс күні,техникалық және кәсіби,04.10.2024 жарияланды
Маркетинг қызметінің басшысы,Маркетинг және БАҚ,200 000 тг. бастап,Kokshetau Medical Center,"Ақмола облысы, Көкшетау қ.",5 жыл жұмыс өтілі,толық жұмыс күні,жоғары,04.10.2024 жарияланды
Web-әзірлеуші,IT және телекоммуникациялар,300 000 тг. бастап,"Қазақстан Республикасы Цифрлық даму, инновациялар және аэроғарыш өнеркәсібі министрлігінің ""Республикалық электрондық денсаулық сақтау орталығы"" шаруашылық жүргізу құқығындағы республикалық мемлекеттік кәсіпорны","Астана қ., ""Есіл"" ауданы",1 жыл жұмыс өтілі,толық жұмыс күні,жоғары,04.10.2024 жарияланды
Web-әзірлеуші,IT және телекоммуникациялар,400 000 тг. бастап,"Қазақстан Республикасы Цифрлық даму, инновациялар және аэроғарыш өнеркәсібі министрлігінің ""Республикалық электрондық денсаулық сақтау орталығы"" шаруашылық жүргізу құқығындағы республикалық мемлекеттік кәсіпорны","Астана қ., ""Есіл"" ауданы",3 жыл жұмыс өтілі,толық жұмыс күні,жоғары,04.10.2024 жарияланды
Web-мастер,IT және телекоммуникациялар,300 000 тг. бастап,"Қазақстан Республикасы Цифрлық даму, инновациялар және аэроғарыш өнеркәсібі министрлігінің ""Республикалық электрондық денсаулық сақтау орталығы"" шаруашылық жүргізу құқығындағы республикалық мемлекеттік кәсіпорны","Астана қ., ""Есіл"" ауданы",1 жыл жұмыс өтілі,толық жұмыс күні,жоғары,04.10.2024 жарияланды
Web-мастер,IT және телекоммуникациялар,400 000 тг. бастап,"Қазақстан Республикасы Цифрлық даму, инновациялар және аэроғарыш өнеркәсібі министрлігінің ""Республикалық электрондық денсаулық сақтау орталығы"" шаруашылық жүргізу құқығындағы республикалық мемлекеттік кәсіпорны","Астана қ., ""Есіл"" ауданы",3 жыл жұмыс өтілі,толық жұмыс күні,жоғары,04.10.2024 жарияланды
Web-әзірлеуші,IT және телекоммуникациялар,500 000 тг. бастап,"Қазақстан Республикасы Цифрлық даму, инновациялар және аэроғарыш өнеркәсібі министрлігінің ""Республикалық электрондық денсаулық сақтау орталығы"" шаруашылық жүргізу құқығындағы республикалық мемлекеттік кәсіпорны","Астана қ., ""Есіл"" ауданы",3 жыл жұмыс өтілі,толық жұмыс күні,жоғары,04.10.2024 жарияланды
Орыс тілі мен әдебиеті мұғалімі,Білім беру және тәрбиелеу,от 140 000 до 160 000 тг.,"Қарағанды облысы білім басқармасының Шет ауданы білім бөлімінің ""Ш. Уәлиханов атындағы жалпы білім беретін мектебі"" коммуналдық мемлекеттік мекемесі","Қарағанды облысы, Шет ауданы, Ақшатау к.",Еңбек өтілі жоқ,толық жұмыс күні,жоғары,04.10.2024 жарияланды
Жоба менеджері,Ғылым және кеңес беру,от 200 000 до 300 000 тг.,"""TURAN"" арнайы экономикалық аймағының Басқарушы компаниясы"" акционерлік қоғамы","Түркістан облысы, Түркістан қ.",3 жыл жұмыс өтілі,толық жұмыс күні,жоғары,03.10.2024 жарияланды
Заңгер,Құқықтану,94 500 тг. бастап,"Түркістан облысының цифрландыру, мемлекеттік қызметтер көрсету және архивтер басқармасының ""Түркістан облысының мемлекеттік архиві"" коммуналдық мемлекеттік мекемесі","Шымкент қ., Әл Фараби ауданы",3 жыл жұмыс өтілі,толық жұмыс күні,жоғары,03.10.2024 жарияланды
Азық-түлік емес тауарлар сатушы,Біліктілігі жоқ мамандықтар,от 90 000 до 120 000 тг.,"""БПКА"" Баспагерлер полиграфисттер және кітаптаратушылар Ассоциациясы"" заңды тұлғалардын бірлестігі","Алматы  қ., Медеу ауданы",Еңбек өтілі жоқ,толық жұмыс күні,ортадан кейін,03.10.2024 жарияланды
Қоғаммен байланыс жөніндегі маман,Маркетинг және БАҚ,400 000 тг. бастап,"""Шайсұлтан Шаяхметов атындағы ""Тіл-Қазына"" ұлттық ғылыми-практикалық орталығы"" коммерциялық емес акционерлік қоғамы","Астана қ., ""Есіл"" ауданы",2 жыл жұмыс өтілі,толық жұмыс күні,жоғары,03.10.2024 жарияланды
Сатып алу жөніндегі менеджер,Қаржы және бухгалтерлік есеп,95 000 тг. бастап,"""Атырау облысы Дене шынықтыру, спорт және туризм басқармасының ""Дамба балалар-жасөспірімдер спорт мектебі"" коммуналдық мемлекеттік мекемесі","Атырау облысы, Атырау қ., Жаңаталап а.",3 жыл жұмыс өтілі,толық жұмыс күні,техникалық және кәсіби,03.10.2024 жарияланды
Пробиркалы талдау зертханашы,Ғылым және кеңес беру,от 200 000 до 250 000 тг.,"""Qazaq Institute of Innovative Medicine"" жауапкершілігі шектеулі серіктестігі","Астана қ., ""Нұра"" ауданы",1 жыл жұмыс өтілі,толық жұмыс күні,жоғары,03.10.2024 жарияланды
Жоба жетекшісі,IT және телекоммуникациялар,550 000 тг. бастап,"""Шайсұлтан Шаяхметов атындағы ""Тіл-Қазына"" ұлттық ғылыми-практикалық орталығы"" коммерциялық емес акционерлік қоғамы","Астана қ., ""Есіл"" ауданы",5 жыл жұмыс өтілі,толық жұмыс күні,жоғары,02.10.2024 жарияланды
Техник-программист,IT және телекоммуникациялар,430 000 тг. бастап,"""Шайсұлтан Шаяхметов атындағы ""Тіл-Қазына"" ұлттық ғылыми-практикалық орталығы"" коммерциялық емес акционерлік қоғамы","Астана қ., ""Есіл"" ауданы",2 жыл жұмыс өтілі,толық жұмыс күні,жоғары,02.10.2024 жарияланды
Қаржы директоры,Қаржы және бухгалтерлік есеп,750 000 тг. бастап,"""Шайсұлтан Шаяхметов атындағы ""Тіл-Қазына"" ұлттық ғылыми-практикалық орталығы"" коммерциялық емес акционерлік қоғамы","Астана қ., ""Есіл"" ауданы",5 жыл жұмыс өтілі,толық жұмыс күні,жоғары,02.10.2024 жарияланды
Ғылыми қызметкер (білім беру саласында),Ғылым және кеңес беру,420 000 тг. бастап,"""Шайсұлтан Шаяхметов атындағы ""Тіл-Қазына"" ұлттық ғылыми-практикалық орталығы"" коммерциялық емес акционерлік қоғамы","Астана қ., ""Есіл"" ауданы",10 жыл жұмыс өтілі,толық жұмыс күні,жоғары оқу орыннан кейін,02.10.2024 жарияланды
Кітапхана директорының орынбасары,Басшылар,от 120 000 до 160 000 тг.,"""Бөрлі ауданының орталықтандырылған кітапханалар жүйесі"" коммуналдық мемлекеттік мекемесі","Батыс Қазақстан облысы, Бөрлі ауданы, Ақсай қ.",3 жыл жұмыс өтілі,толық жұмыс күні,жоғары,02.10.2024 жарияланды
Офис-менеджер,HR және хатшылық,от 150 000 до 200 000 тг.,"""Today aktau"" жауапкершілігі шектеулі серіктестігі","Маңғыстау облысы, Ақтау қ.",1 жыл жұмыс өтілі,толық жұмыс күні,жоғары,02.10.2024 жарияланды
Инженер-технолог-металлург,"Мұнай, газ, ресурстарды өндіру",700 000 тг. бастап,"""ИЛФ Казахстан"" жауапкершілігі шектеулі серіктестігі","Алматы  қ., Алмалы ауданы",10 жыл жұмыс өтілі,толық жұмыс күні,жоғары,02.10.2024 жарияланды
Қонақүй респешионисі,Туризм,от 150 000 до 160 000 тг.,"ИП ""Есеналиева Г.С.""","Жамбыл облысы, Тараз қ.",1 жыл жұмыс өтілі,толық жұмыс күні,жоғары,02.10.2024 жарияланды
Қызметкерлермен жұмыс жасау жөніндегі кеңесші,HR және хатшылық,200 000 тг. бастап,"""ИЛФ Казахстан"" жауапкершілігі шектеулі серіктестігі","Алматы  қ., Алмалы ауданы",1 жыл жұмыс өтілі,толық жұмыс күні,жоғары,02.10.2024 жарияланды
Магистральдық құбыр желілерін пайдалану жөніндегі инженер,"Мұнай, газ, ресурстарды өндіру",500 000 тг. бастап,"""ИЛФ Қазақстан"" ЖШС Атырау қ. Филиалы","Атырау облысы, Атырау қ.",10 жыл жұмыс өтілі,толық жұмыс күні,жоғары,02.10.2024 жарияланды
Жабдықтау жөніндегі маман,Қаржы және бухгалтерлік есеп,500 000 тг. бастап,"""ИЛФ Қазақстан"" ЖШС Атырау қ. Филиалы","Атырау облысы, Атырау қ.",10 жыл жұмыс өтілі,толық жұмыс күні,жоғары,02.10.2024 жарияланды
Инженер-химик (мұнай және газ),"Мұнай, газ, ресурстарды өндіру",700 000 тг. бастап,"""ИЛФ Қазақстан"" ЖШС Атырау қ. Филиалы","Атырау облысы, Атырау қ.",10 жыл жұмыс өтілі,толық жұмыс күні,жоғары,02.10.2024 жарияланды
Инженер-химик (мұнай және газ),"Мұнай, газ, ресурстарды өндіру",700 000 тг. бастап,"""ИЛФ Қазақстан"" ЖШС Атырау қ. Филиалы","Атырау облысы, Атырау қ.",10 жыл жұмыс өтілі,толық жұмыс күні,жоғары,02.10.2024 жарияланды
Шетел тілі мұғалімі,Білім беру және тәрбиелеу,от 150 000 до 200 000 тг.,Қостанай облысы әкімдігі білім басқармасының «Рудный қаласы білім бөлімінің Әлихан Бөкейхан атындағы жалпы білім беретін мектебі» коммуналдық мемлекеттік мекемесі,"Қостанай облысы, Рудный қ., Қашар к.",3 жыл жұмыс өтілі,толық жұмыс күні,жоғары,02.10.2024 жарияланды
Азық-түлік емес тауарлар сатушы,Біліктілігі жоқ мамандықтар,89 273 тг. бастап,"Қарағанды облысының мәдениет,архивтер және құжаттама басқармасының ""Долинка кентіндегі саяси қуғын-сүргін құрбандарын есте сақтау музейі"" коммуналдық мемлекеттік қазыналық кәсіпорыны","Қарағанды облысы, Шахтинск қ., Долинка к.",1 жыл жұмыс өтілі,толық жұмыс күні,жоғары,02.10.2024 жарияланды
3D модельдеу жөніндегі инженер,Құрылыс және сәулет,от 85 000 до 200 000 тг.,"""International Design Bureau"" жауапкершілігі шектеулі серіктестігі","Алматы  қ., Медеу ауданы",1 жыл жұмыс өтілі,толық жұмыс күні,техникалық және кәсіби,01.10.2024 жарияланды
Жоба менеджері,Ғылым және кеңес беру,от 300 000 до 370 000 тг.,"""Қазақстандық қоғамдық даму институты"" коммерциялық емес акционерлік қоғамы","Астана қ., ""Есіл"" ауданы",3 жыл жұмыс өтілі,толық жұмыс күні,жоғары,01.10.2024 жарияланды
Сауалнамалар жөніндегі маман,Ғылым және кеңес беру,от 85 000 до 100 000 тг.,"""Қазақстандық қоғамдық даму институты"" коммерциялық емес акционерлік қоғамы","Астана қ., ""Есіл"" ауданы",1 жыл жұмыс өтілі,толық жұмыс күні,жоғары,01.10.2024 жарияланды
Аналитик-зерттеуші,Ғылым және кеңес беру,от 400 000 до 450 000 тг.,"""Қазақстандық қоғамдық даму институты"" коммерциялық емес акционерлік қоғамы","Астана қ., ""Есіл"" ауданы",3 жыл жұмыс өтілі,толық жұмыс күні,жоғары оқу орыннан кейін,01.10.2024 жарияланды
Аналитик-зерттеуші,Ғылым және кеңес беру,от 300 000 до 370 000 тг.,"""Қазақстандық қоғамдық даму институты"" коммерциялық емес акционерлік қоғамы","Астана қ., ""Есіл"" ауданы",3 жыл жұмыс өтілі,толық жұмыс күні,жоғары оқу орыннан кейін,01.10.2024 жарияланды
Бас экономист,Қаржы және бухгалтерлік есеп,от 370 000 до 420 000 тг.,"""Қазақстандық қоғамдық даму институты"" коммерциялық емес акционерлік қоғамы","Астана қ., ""Есіл"" ауданы",3 жыл жұмыс өтілі,толық жұмыс күні,жоғары оқу орыннан кейін,01.10.2024 жарияланды
Хатшы-референт,HR және хатшылық,от 190 000 до 240 000 тг.,"""Қазақстандық қоғамдық даму институты"" коммерциялық емес акционерлік қоғамы","Астана қ., ""Есіл"" ауданы",2 жыл жұмыс өтілі,толық жұмыс күні,жоғары оқу орыннан кейін,01.10.2024 жарияланды
Ішкі аудит бөлімінің бастығы,Басшылар,500 000 тг. бастап,"""Қазақстандық қоғамдық даму институты"" коммерциялық емес акционерлік қоғамы","Астана қ., ""Есіл"" ауданы",6 жыл жұмыс өтілі,толық жұмыс күні,жоғары,01.10.2024 жарияланды
Дәрігер-педиатр,Медицина және фармацевтика,от 250 000 до 480 000 тг.,"""Алматы облысының денсаулық сақтау басқармасы"" мемлекеттік мекемесінің шаруашылық жүргізу құқығындағы ""Райымбек аудандық ауруханасы"" коммуналдық мемлекеттік кәсіпорны","Алматы облысы, Райымбек ауданы, Нарынқол а.",Еңбек өтілі жоқ,толық жұмыс күні,жоғары,01.10.2024 жарияланды
Инженер-электроншы,"Мұнай, газ, ресурстарды өндіру",от 260 000 до 300 000 тг.,"""CNLC International Kazakhstan Inc"" (КНЛК Интернешнл Казахстан Инк)"" жауапкершілігі шектеулі серіктестігінің Ақтөбе қаласындағы филиалы","Ақтөбе облысы, Ақтөбе қ., Астана ауданы",Еңбек өтілі жоқ,вахталық әдіс,техникалық және кәсіби,01.10.2024 жарияланды
Клиника әкімшісі,Медицина және фармацевтика,от 150 000 до 155 000 тг.,"""Стоматология"" оқу-клиникалық орталығы"" жауапкершілігі шектеулі серіктестігі",Астана қ.,1 жыл жұмыс өтілі,толық жұмыс күні,жоғары,01.10.2024 жарияланды
Музыка мектебі оқытушысы,Білім беру және тәрбиелеу,от 85 000 до 90 000 тг.,«Ақмола облысы білім басқармасының Қорғалжын ауданы бойынша білім бөлімі Ұялы ауылының негізгі орта мектебі» коммуналдық мемлекеттік мекемесі,"Ақмола облысы, Қорғалжын ауданы, Ұялы а.",1 жыл жұмыс өтілі,толық жұмыс күні,жоғары оқу орыннан кейін,01.10.2024 жарияланды
Еңбекті қорғау және қауіпсіздік техникасы жөніндегі инженер,Өндіріс,125 000 тг. бастап,"""Caspian Offshore Construction Realty"" (Каспиан Оффшор Констракшн Реалти) жауапкершілігі шектеулі серіктестігі","Атырау облысы, Жылыой ауданы, Құлсары қ.",3 жыл жұмыс өтілі,вахталық әдіс,жоғары,30.09.2024 жарияланды
Автомобиль көлігінің диспетчері,Көлік және логистика,от 200 000 до 300 000 тг.,"""Caspian Offshore Construction Realty"" (Каспиан Оффшор Констракшн Реалти) жауапкершілігі шектеулі серіктестігі","Атырау облысы, Атырау қ.",3 жыл жұмыс өтілі,толық жұмыс күні,жоғары,30.09.2024 жарияланды
Қозғалыс қауіпсіздігі жөніндегі инженер,Көлік және логистика,300 000 тг. бастап,"""Caspian Offshore Construction Realty"" (Каспиан Оффшор Констракшн Реалти) жауапкершілігі шектеулі серіктестігі","Атырау облысы, Жылыой ауданы, Құлсары қ.",5 жыл жұмыс өтілі,вахталық әдіс,жоғары,30.09.2024 жарияланды
Іс қағаздарын жүргізуші,HR және хатшылық,от 400 000 до 450 000 тг.,"""Realbet"" жауапкершілігі шектеулі серіктестігі","Алматы  қ., Бостандық ауданы",5 жыл жұмыс өтілі,толық жұмыс күні,жоғары,30.09.2024 жарияланды
Қазақ тілі мен әдебиеті пәнінің мұғалімі,Білім беру және тәрбиелеу,,"""LOGIC EDU"" жауапкершілігі шектеулі серіктестігі","Алматы  қ., Наурызбай ауданы",Еңбек өтілі жоқ,,техникалық және кәсіби,27.09.2024 жарияланды
Спорттық медицина дәрігері,Медицина және фармацевтика,280 000 тг. бастап,"""Атырау облысы Дене шынықтыру, спорт және туризм басқармасының ""Олимпиадалық емес спорт түрлерінен Жоғары спорт шеберлігі мектебі"" коммуналдық мемлекеттік мекемесі","Атырау облысы, Атырау қ.",5 жыл жұмыс өтілі,толық жұмыс күні,жоғары,25.09.2024 жарияланды
Шетел тілі мұғалімі,Білім беру және тәрбиелеу,,ИП Жансая Жанатбеккызы,"Алматы  қ., Әуезов ауданы",Еңбек өтілі жоқ,,техникалық және кәсіби,10.09.2024 жарияланды
Тіл мектебінің мұғалімі,Білім беру және тәрбиелеу,,"ИП "" Жамал А.Қ ""","Шымкент қ., Қаратау ауданы",Еңбек өтілі жоқ,,жалпы орта (1 сыныптан 11/12 сыныптарға дейін),10.09.2024 жарияланды
Заңгер,,85 000 тг. бастап,"Қазақстан Республикасындағы ""ҚМГ Қашаған Б.В."" жауапкершілігі шектеулі жеке компаниясының филиалы",Астана қ.,2 жыл жұмыс өтілі,толық жұмыс күні,жоғары,09.09.2024 жарияланды
Іс қағаздарын жүргізуші,HR және хатшылық,от 85 000 до 100 000 тг.,"Шымкент қаласы білім басқармасының ""№144 жалпы орта білім беретін мектебі"" коммуналдық мемлекеттік мекемесі","Шымкент қ., Қаратау ауданы",1 жыл жұмыс өтілі,толық жұмыс күні,жоғары,06.09.2024 жарияланды
Іс-шараларды ұйымдастырушы,Туризм,85 000 тг. бастап,"""BeStar Travel"" жауапкершілігі шектеулі серіктестігі","Алматы  қ., Бостандық ауданы",Еңбек өтілі жоқ,толық емес жұмыс күні,жалпы орта (1 сыныптан 11/12 сыныптарға дейін),03.09.2024 жарияланды
